1,0.3,NaN,1
1,0.306,NaN,1
1,0.312,NaN,1
1,0.318,NaN,1
1,0.324,NaN,1
1,0.32999999999999996,NaN,1
1,0.33599999999999997,NaN,1
1,0.34199999999999997,NaN,1
1,0.348,NaN,1
1,0.354,NaN,1
1,0.36,NaN,1
1,0.366,NaN,1
1,0.372,NaN,1
1,0.378,NaN,1
1,0.384,NaN,1
1,0.39,NaN,1
1,0.396,NaN,1
1,0.40199999999999997,NaN,1
1,0.408,NaN,1
1,0.414,NaN,1
1,0.42,NaN,1
1,0.426,NaN,1
1,0.432,NaN,1
1,0.43799999999999994,NaN,1
1,0.44399999999999995,NaN,1
1,0.44999999999999996,NaN,1
1,0.45599999999999996,NaN,1
1,0.46199999999999997,NaN,1
1,0.46799999999999997,NaN,1
1,0.474,NaN,1
1,0.48,NaN,1
1,0.486,NaN,1
1,0.492,NaN,1
1,0.498,NaN,1
1,0.504,NaN,1
1,0.51,NaN,1
1,0.516,NaN,1
1,0.522,NaN,1
1,0.528,NaN,1
1,0.534,NaN,1
1,0.54,NaN,1
1,0.5459999999999999,NaN,1
1,0.552,NaN,1
1,0.558,NaN,1
1,0.5640000000000001,NaN,1
1,0.5700000000000001,NaN,1
1,0.576,NaN,1
1,0.582,NaN,1
1,0.588,NaN,1
1,0.594,NaN,1
1.026,0.3,NaN,1
1.026,0.306,NaN,1
1.026,0.312,NaN,1
1.026,0.318,NaN,1
1.026,0.324,NaN,1
1.026,0.32999999999999996,NaN,1
1.026,0.33599999999999997,NaN,1
1.026,0.34199999999999997,NaN,1
1.026,0.348,NaN,1
1.026,0.354,NaN,1
1.026,0.36,NaN,1
1.026,0.366,NaN,1
1.026,0.372,NaN,1
1.026,0.378,NaN,1
1.026,0.384,NaN,1
1.026,0.39,NaN,1
1.026,0.396,NaN,1
1.026,0.40199999999999997,NaN,1
1.026,0.408,NaN,1
1.026,0.414,NaN,1
1.026,0.42,NaN,1
1.026,0.426,NaN,1
1.026,0.432,NaN,1
1.026,0.43799999999999994,NaN,1
1.026,0.44399999999999995,NaN,1
1.026,0.44999999999999996,NaN,1
1.026,0.45599999999999996,NaN,1
1.026,0.46199999999999997,NaN,1
1.026,0.46799999999999997,NaN,1
1.026,0.474,NaN,1
1.026,0.48,NaN,1
1.026,0.486,NaN,1
1.026,0.492,NaN,1
1.026,0.498,NaN,1
1.026,0.504,NaN,1
1.026,0.51,NaN,1
1.026,0.516,NaN,1
1.026,0.522,NaN,1
1.026,0.528,NaN,1
1.026,0.534,NaN,1
1.026,0.54,NaN,1
1.026,0.5459999999999999,NaN,1
1.026,0.552,NaN,1
1.026,0.558,NaN,1
1.026,0.5640000000000001,NaN,1
1.026,0.5700000000000001,NaN,1
1.026,0.576,NaN,1
1.026,0.582,NaN,1
1.026,0.588,NaN,1
1.026,0.594,NaN,1
1.052,0.3,NaN,1
1.052,0.306,NaN,1
1.052,0.312,NaN,1
1.052,0.318,NaN,1
1.052,0.324,NaN,1
1.052,0.32999999999999996,NaN,1
1.052,0.33599999999999997,NaN,1
1.052,0.34199999999999997,NaN,1
1.052,0.348,NaN,1
1.052,0.354,NaN,1
1.052,0.36,NaN,1
1.052,0.366,NaN,1
1.052,0.372,NaN,1
1.052,0.378,NaN,1
1.052,0.384,NaN,1
1.052,0.39,NaN,1
1.052,0.396,NaN,1
1.052,0.40199999999999997,NaN,1
1.052,0.408,NaN,1
1.052,0.414,NaN,1
1.052,0.42,NaN,1
1.052,0.426,NaN,1
1.052,0.432,NaN,1
1.052,0.43799999999999994,NaN,1
1.052,0.44399999999999995,NaN,1
1.052,0.44999999999999996,NaN,1
1.052,0.45599999999999996,NaN,1
1.052,0.46199999999999997,NaN,1
1.052,0.46799999999999997,NaN,1
1.052,0.474,NaN,1
1.052,0.48,NaN,1
1.052,0.486,NaN,1
1.052,0.492,NaN,1
1.052,0.498,NaN,1
1.052,0.504,NaN,1
1.052,0.51,NaN,1
1.052,0.516,NaN,1
1.052,0.522,NaN,1
1.052,0.528,NaN,1
1.052,0.534,NaN,1
1.052,0.54,NaN,1
1.052,0.5459999999999999,NaN,1
1.052,0.552,NaN,1
1.052,0.558,NaN,1
1.052,0.5640000000000001,NaN,1
1.052,0.5700000000000001,NaN,1
1.052,0.576,NaN,1
1.052,0.582,NaN,1
1.052,0.588,NaN,1
1.052,0.594,NaN,1
1.078,0.3,NaN,1
1.078,0.306,NaN,1
1.078,0.312,NaN,1
1.078,0.318,NaN,1
1.078,0.324,NaN,1
1.078,0.32999999999999996,NaN,1
1.078,0.33599999999999997,NaN,1
1.078,0.34199999999999997,NaN,1
1.078,0.348,NaN,1
1.078,0.354,NaN,1
1.078,0.36,NaN,1
1.078,0.366,NaN,1
1.078,0.372,NaN,1
1.078,0.378,NaN,1
1.078,0.384,NaN,1
1.078,0.39,NaN,1
1.078,0.396,NaN,1
1.078,0.40199999999999997,NaN,1
1.078,0.408,NaN,1
1.078,0.414,NaN,1
1.078,0.42,NaN,1
1.078,0.426,NaN,1
1.078,0.432,NaN,1
1.078,0.43799999999999994,NaN,1
1.078,0.44399999999999995,NaN,1
1.078,0.44999999999999996,NaN,1
1.078,0.45599999999999996,NaN,1
1.078,0.46199999999999997,NaN,1
1.078,0.46799999999999997,NaN,1
1.078,0.474,NaN,1
1.078,0.48,NaN,1
1.078,0.486,NaN,1
1.078,0.492,NaN,1
1.078,0.498,NaN,1
1.078,0.504,NaN,1
1.078,0.51,NaN,1
1.078,0.516,NaN,1
1.078,0.522,NaN,1
1.078,0.528,NaN,1
1.078,0.534,NaN,1
1.078,0.54,NaN,1
1.078,0.5459999999999999,NaN,1
1.078,0.552,NaN,1
1.078,0.558,NaN,1
1.078,0.5640000000000001,NaN,1
1.078,0.5700000000000001,NaN,1
1.078,0.576,NaN,1
1.078,0.582,NaN,1
1.078,0.588,NaN,1
1.078,0.594,NaN,1
1.104,0.3,NaN,1
1.104,0.306,NaN,1
1.104,0.312,NaN,1
1.104,0.318,NaN,1
1.104,0.324,NaN,1
1.104,0.32999999999999996,NaN,1
1.104,0.33599999999999997,NaN,1
1.104,0.34199999999999997,NaN,1
1.104,0.348,NaN,1
1.104,0.354,NaN,1
1.104,0.36,NaN,1
1.104,0.366,NaN,1
1.104,0.372,NaN,1
1.104,0.378,NaN,1
1.104,0.384,NaN,1
1.104,0.39,NaN,1
1.104,0.396,NaN,1
1.104,0.40199999999999997,NaN,1
1.104,0.408,NaN,1
1.104,0.414,NaN,1
1.104,0.42,NaN,1
1.104,0.426,NaN,1
1.104,0.432,NaN,1
1.104,0.43799999999999994,NaN,1
1.104,0.44399999999999995,NaN,1
1.104,0.44999999999999996,NaN,1
1.104,0.45599999999999996,NaN,1
1.104,0.46199999999999997,NaN,1
1.104,0.46799999999999997,NaN,1
1.104,0.474,NaN,1
1.104,0.48,NaN,1
1.104,0.486,NaN,1
1.104,0.492,NaN,1
1.104,0.498,NaN,1
1.104,0.504,NaN,1
1.104,0.51,NaN,1
1.104,0.516,NaN,1
1.104,0.522,NaN,1
1.104,0.528,NaN,1
1.104,0.534,NaN,1
1.104,0.54,NaN,1
1.104,0.5459999999999999,NaN,1
1.104,0.552,NaN,1
1.104,0.558,NaN,1
1.104,0.5640000000000001,NaN,1
1.104,0.5700000000000001,NaN,1
1.104,0.576,NaN,1
1.104,0.582,NaN,1
1.104,0.588,NaN,1
1.104,0.594,NaN,1
1.13,0.3,NaN,1
1.13,0.306,NaN,1
1.13,0.312,NaN,1
1.13,0.318,NaN,1
1.13,0.324,NaN,1
1.13,0.32999999999999996,NaN,1
1.13,0.33599999999999997,NaN,1
1.13,0.34199999999999997,NaN,1
1.13,0.348,NaN,1
1.13,0.354,NaN,1
1.13,0.36,NaN,1
1.13,0.366,NaN,1
1.13,0.372,NaN,1
1.13,0.378,NaN,1
1.13,0.384,NaN,1
1.13,0.39,NaN,1
1.13,0.396,NaN,1
1.13,0.40199999999999997,NaN,1
1.13,0.408,NaN,1
1.13,0.414,NaN,1
1.13,0.42,NaN,1
1.13,0.426,NaN,1
1.13,0.432,NaN,1
1.13,0.43799999999999994,NaN,1
1.13,0.44399999999999995,NaN,1
1.13,0.44999999999999996,NaN,1
1.13,0.45599999999999996,NaN,1
1.13,0.46199999999999997,NaN,1
1.13,0.46799999999999997,NaN,1
1.13,0.474,NaN,1
1.13,0.48,NaN,1
1.13,0.486,NaN,1
1.13,0.492,NaN,1
1.13,0.498,NaN,1
1.13,0.504,NaN,1
1.13,0.51,NaN,1
1.13,0.516,NaN,1
1.13,0.522,NaN,1
1.13,0.528,NaN,1
1.13,0.534,NaN,1
1.13,0.54,NaN,1
1.13,0.5459999999999999,NaN,1
1.13,0.552,NaN,1
1.13,0.558,NaN,1
1.13,0.5640000000000001,NaN,1
1.13,0.5700000000000001,NaN,1
1.13,0.576,NaN,1
1.13,0.582,NaN,1
1.13,0.588,NaN,1
1.13,0.594,NaN,1
1.156,0.3,NaN,1
1.156,0.306,NaN,1
1.156,0.312,NaN,1
1.156,0.318,NaN,1
1.156,0.324,NaN,1
1.156,0.32999999999999996,NaN,1
1.156,0.33599999999999997,NaN,1
1.156,0.34199999999999997,NaN,1
1.156,0.348,NaN,1
1.156,0.354,NaN,1
1.156,0.36,NaN,1
1.156,0.366,NaN,1
1.156,0.372,NaN,1
1.156,0.378,NaN,1
1.156,0.384,NaN,1
1.156,0.39,NaN,1
1.156,0.396,NaN,1
1.156,0.40199999999999997,NaN,1
1.156,0.408,NaN,1
1.156,0.414,NaN,1
1.156,0.42,NaN,1
1.156,0.426,NaN,1
1.156,0.432,NaN,1
1.156,0.43799999999999994,NaN,1
1.156,0.44399999999999995,NaN,1
1.156,0.44999999999999996,NaN,1
1.156,0.45599999999999996,NaN,1
1.156,0.46199999999999997,NaN,1
1.156,0.46799999999999997,NaN,1
1.156,0.474,NaN,1
1.156,0.48,NaN,1
1.156,0.486,NaN,1
1.156,0.492,NaN,1
1.156,0.498,NaN,1
1.156,0.504,NaN,1
1.156,0.51,NaN,1
1.156,0.516,NaN,1
1.156,0.522,NaN,1
1.156,0.528,NaN,1
1.156,0.534,NaN,1
1.156,0.54,NaN,1
1.156,0.5459999999999999,NaN,1
1.156,0.552,NaN,1
1.156,0.558,NaN,1
1.156,0.5640000000000001,NaN,1
1.156,0.5700000000000001,NaN,1
1.156,0.576,NaN,1
1.156,0.582,NaN,1
1.156,0.588,NaN,1
1.156,0.594,NaN,1
1.182,0.3,NaN,1
1.182,0.306,NaN,1
1.182,0.312,NaN,1
1.182,0.318,NaN,1
1.182,0.324,NaN,1
1.182,0.32999999999999996,NaN,1
1.182,0.33599999999999997,NaN,1
1.182,0.34199999999999997,NaN,1
1.182,0.348,NaN,1
1.182,0.354,NaN,1
1.182,0.36,NaN,1
1.182,0.366,NaN,1
1.182,0.372,NaN,1
1.182,0.378,NaN,1
1.182,0.384,NaN,1
1.182,0.39,NaN,1
1.182,0.396,NaN,1
1.182,0.40199999999999997,NaN,1
1.182,0.408,NaN,1
1.182,0.414,NaN,1
1.182,0.42,NaN,1
1.182,0.426,NaN,1
1.182,0.432,NaN,1
1.182,0.43799999999999994,NaN,1
1.182,0.44399999999999995,NaN,1
1.182,0.44999999999999996,NaN,1
1.182,0.45599999999999996,NaN,1
1.182,0.46199999999999997,NaN,1
1.182,0.46799999999999997,NaN,1
1.182,0.474,NaN,1
1.182,0.48,NaN,1
1.182,0.486,NaN,1
1.182,0.492,NaN,1
1.182,0.498,NaN,1
1.182,0.504,NaN,1
1.182,0.51,NaN,1
1.182,0.516,NaN,1
1.182,0.522,NaN,1
1.182,0.528,NaN,1
1.182,0.534,NaN,1
1.182,0.54,NaN,1
1.182,0.5459999999999999,NaN,1
1.182,0.552,NaN,1
1.182,0.558,NaN,1
1.182,0.5640000000000001,NaN,1
1.182,0.5700000000000001,NaN,1
1.182,0.576,NaN,1
1.182,0.582,NaN,1
1.182,0.588,NaN,1
1.182,0.594,NaN,1
1.208,0.3,NaN,1
1.208,0.306,NaN,1
1.208,0.312,NaN,1
1.208,0.318,NaN,1
1.208,0.324,NaN,1
1.208,0.32999999999999996,NaN,1
1.208,0.33599999999999997,NaN,1
1.208,0.34199999999999997,NaN,1
1.208,0.348,NaN,1
1.208,0.354,NaN,1
1.208,0.36,NaN,1
1.208,0.366,NaN,1
1.208,0.372,NaN,1
1.208,0.378,NaN,1
1.208,0.384,NaN,1
1.208,0.39,NaN,1
1.208,0.396,NaN,1
1.208,0.40199999999999997,NaN,1
1.208,0.408,NaN,1
1.208,0.414,NaN,1
1.208,0.42,NaN,1
1.208,0.426,NaN,1
1.208,0.432,NaN,1
1.208,0.43799999999999994,NaN,1
1.208,0.44399999999999995,NaN,1
1.208,0.44999999999999996,NaN,1
1.208,0.45599999999999996,NaN,1
1.208,0.46199999999999997,NaN,1
1.208,0.46799999999999997,NaN,1
1.208,0.474,NaN,1
1.208,0.48,NaN,1
1.208,0.486,NaN,1
1.208,0.492,NaN,1
1.208,0.498,NaN,1
1.208,0.504,NaN,1
1.208,0.51,NaN,1
1.208,0.516,NaN,1
1.208,0.522,NaN,1
1.208,0.528,NaN,1
1.208,0.534,NaN,1
1.208,0.54,NaN,1
1.208,0.5459999999999999,NaN,1
1.208,0.552,NaN,1
1.208,0.558,NaN,1
1.208,0.5640000000000001,NaN,1
1.208,0.5700000000000001,NaN,1
1.208,0.576,NaN,1
1.208,0.582,NaN,1
1.208,0.588,NaN,1
1.208,0.594,NaN,1
1.234,0.3,NaN,1
1.234,0.306,NaN,1
1.234,0.312,NaN,1
1.234,0.318,NaN,1
1.234,0.324,NaN,1
1.234,0.32999999999999996,NaN,1
1.234,0.33599999999999997,NaN,1
1.234,0.34199999999999997,NaN,1
1.234,0.348,NaN,1
1.234,0.354,NaN,1
1.234,0.36,NaN,1
1.234,0.366,NaN,1
1.234,0.372,NaN,1
1.234,0.378,NaN,1
1.234,0.384,NaN,1
1.234,0.39,NaN,1
1.234,0.396,NaN,1
1.234,0.40199999999999997,NaN,1
1.234,0.408,NaN,1
1.234,0.414,NaN,1
1.234,0.42,NaN,1
1.234,0.426,NaN,1
1.234,0.432,NaN,1
1.234,0.43799999999999994,NaN,1
1.234,0.44399999999999995,NaN,1
1.234,0.44999999999999996,NaN,1
1.234,0.45599999999999996,NaN,1
1.234,0.46199999999999997,NaN,1
1.234,0.46799999999999997,NaN,1
1.234,0.474,NaN,1
1.234,0.48,NaN,1
1.234,0.486,NaN,1
1.234,0.492,NaN,1
1.234,0.498,NaN,1
1.234,0.504,NaN,1
1.234,0.51,NaN,1
1.234,0.516,NaN,1
1.234,0.522,NaN,1
1.234,0.528,NaN,1
1.234,0.534,NaN,1
1.234,0.54,NaN,1
1.234,0.5459999999999999,NaN,1
1.234,0.552,NaN,1
1.234,0.558,NaN,1
1.234,0.5640000000000001,NaN,1
1.234,0.5700000000000001,NaN,1
1.234,0.576,NaN,1
1.234,0.582,NaN,1
1.234,0.588,NaN,1
1.234,0.594,NaN,1
1.26,0.3,NaN,1
1.26,0.306,NaN,1
1.26,0.312,NaN,1
1.26,0.318,NaN,1
1.26,0.324,NaN,1
1.26,0.32999999999999996,NaN,1
1.26,0.33599999999999997,NaN,1
1.26,0.34199999999999997,NaN,1
1.26,0.348,NaN,1
1.26,0.354,NaN,1
1.26,0.36,NaN,1
1.26,0.366,NaN,1
1.26,0.372,NaN,1
1.26,0.378,NaN,1
1.26,0.384,NaN,1
1.26,0.39,NaN,1
1.26,0.396,NaN,1
1.26,0.40199999999999997,NaN,1
1.26,0.408,NaN,1
1.26,0.414,NaN,1
1.26,0.42,NaN,1
1.26,0.426,NaN,1
1.26,0.432,NaN,1
1.26,0.43799999999999994,NaN,1
1.26,0.44399999999999995,NaN,1
1.26,0.44999999999999996,NaN,1
1.26,0.45599999999999996,NaN,1
1.26,0.46199999999999997,NaN,1
1.26,0.46799999999999997,NaN,1
1.26,0.474,NaN,1
1.26,0.48,NaN,1
1.26,0.486,NaN,1
1.26,0.492,NaN,1
1.26,0.498,NaN,1
1.26,0.504,NaN,1
1.26,0.51,NaN,1
1.26,0.516,NaN,1
1.26,0.522,NaN,1
1.26,0.528,NaN,1
1.26,0.534,NaN,1
1.26,0.54,NaN,1
1.26,0.5459999999999999,NaN,1
1.26,0.552,NaN,1
1.26,0.558,NaN,1
1.26,0.5640000000000001,NaN,1
1.26,0.5700000000000001,NaN,1
1.26,0.576,NaN,1
1.26,0.582,NaN,1
1.26,0.588,NaN,1
1.26,0.594,0.0056749999999999995,0
1.286,0.3,NaN,1
1.286,0.306,NaN,1
1.286,0.312,NaN,1
1.286,0.318,NaN,1
1.286,0.324,NaN,1
1.286,0.32999999999999996,NaN,1
1.286,0.33599999999999997,NaN,1
1.286,0.34199999999999997,NaN,1
1.286,0.348,NaN,1
1.286,0.354,NaN,1
1.286,0.36,NaN,1
1.286,0.366,NaN,1
1.286,0.372,NaN,1
1.286,0.378,NaN,1
1.286,0.384,NaN,1
1.286,0.39,NaN,1
1.286,0.396,NaN,1
1.286,0.40199999999999997,NaN,1
1.286,0.408,NaN,1
1.286,0.414,NaN,1
1.286,0.42,NaN,1
1.286,0.426,NaN,1
1.286,0.432,NaN,1
1.286,0.43799999999999994,NaN,1
1.286,0.44399999999999995,NaN,1
1.286,0.44999999999999996,NaN,1
1.286,0.45599999999999996,NaN,1
1.286,0.46199999999999997,NaN,1
1.286,0.46799999999999997,NaN,1
1.286,0.474,NaN,1
1.286,0.48,NaN,1
1.286,0.486,NaN,1
1.286,0.492,NaN,1
1.286,0.498,NaN,1
1.286,0.504,NaN,1
1.286,0.51,NaN,1
1.286,0.516,NaN,1
1.286,0.522,NaN,1
1.286,0.528,NaN,1
1.286,0.534,NaN,1
1.286,0.54,NaN,1
1.286,0.5459999999999999,NaN,1
1.286,0.552,NaN,1
1.286,0.558,NaN,1
1.286,0.5640000000000001,NaN,1
1.286,0.5700000000000001,NaN,1
1.286,0.576,NaN,1
1.286,0.582,0.005600000000000001,0
1.286,0.588,0.005600000000000001,0
1.286,0.594,0.005600000000000001,0
1.3119999999999998,0.3,NaN,1
1.3119999999999998,0.306,NaN,1
1.3119999999999998,0.312,NaN,1
1.3119999999999998,0.318,NaN,1
1.3119999999999998,0.324,NaN,1
1.3119999999999998,0.32999999999999996,NaN,1
1.3119999999999998,0.33599999999999997,NaN,1
1.3119999999999998,0.34199999999999997,NaN,1
1.3119999999999998,0.348,NaN,1
1.3119999999999998,0.354,NaN,1
1.3119999999999998,0.36,NaN,1
1.3119999999999998,0.366,NaN,1
1.3119999999999998,0.372,NaN,1
1.3119999999999998,0.378,NaN,1
1.3119999999999998,0.384,NaN,1
1.3119999999999998,0.39,NaN,1
1.3119999999999998,0.396,NaN,1
1.3119999999999998,0.40199999999999997,NaN,1
1.3119999999999998,0.408,NaN,1
1.3119999999999998,0.414,NaN,1
1.3119999999999998,0.42,NaN,1
1.3119999999999998,0.426,NaN,1
1.3119999999999998,0.432,NaN,1
1.3119999999999998,0.43799999999999994,NaN,1
1.3119999999999998,0.44399999999999995,NaN,1
1.3119999999999998,0.44999999999999996,NaN,1
1.3119999999999998,0.45599999999999996,NaN,1
1.3119999999999998,0.46199999999999997,NaN,1
1.3119999999999998,0.46799999999999997,NaN,1
1.3119999999999998,0.474,NaN,1
1.3119999999999998,0.48,NaN,1
1.3119999999999998,0.486,NaN,1
1.3119999999999998,0.492,NaN,1
1.3119999999999998,0.498,NaN,1
1.3119999999999998,0.504,NaN,1
1.3119999999999998,0.51,NaN,1
1.3119999999999998,0.516,NaN,1
1.3119999999999998,0.522,NaN,1
1.3119999999999998,0.528,NaN,1
1.3119999999999998,0.534,NaN,1
1.3119999999999998,0.54,NaN,1
1.3119999999999998,0.5459999999999999,NaN,1
1.3119999999999998,0.552,NaN,1
1.3119999999999998,0.558,NaN,1
1.3119999999999998,0.5640000000000001,NaN,1
1.3119999999999998,0.5700000000000001,0.00545,0
1.3119999999999998,0.576,0.00545,0
1.3119999999999998,0.582,0.00545,0
1.3119999999999998,0.588,0.00545,0
1.3119999999999998,0.594,0.00545,0
1.338,0.3,NaN,1
1.338,0.306,NaN,1
1.338,0.312,NaN,1
1.338,0.318,NaN,1
1.338,0.324,NaN,1
1.338,0.32999999999999996,NaN,1
1.338,0.33599999999999997,NaN,1
1.338,0.34199999999999997,NaN,1
1.338,0.348,NaN,1
1.338,0.354,NaN,1
1.338,0.36,NaN,1
1.338,0.366,NaN,1
1.338,0.372,NaN,1
1.338,0.378,NaN,1
1.338,0.384,NaN,1
1.338,0.39,NaN,1
1.338,0.396,NaN,1
1.338,0.40199999999999997,NaN,1
1.338,0.408,NaN,1
1.338,0.414,NaN,1
1.338,0.42,NaN,1
1.338,0.426,NaN,1
1.338,0.432,NaN,1
1.338,0.43799999999999994,NaN,1
1.338,0.44399999999999995,NaN,1
1.338,0.44999999999999996,NaN,1
1.338,0.45599999999999996,NaN,1
1.338,0.46199999999999997,NaN,1
1.338,0.46799999999999997,NaN,1
1.338,0.474,NaN,1
1.338,0.48,NaN,1
1.338,0.486,NaN,1
1.338,0.492,NaN,1
1.338,0.498,NaN,1
1.338,0.504,NaN,1
1.338,0.51,NaN,1
1.338,0.516,NaN,1
1.338,0.522,NaN,1
1.338,0.528,NaN,1
1.338,0.534,NaN,1
1.338,0.54,NaN,1
1.338,0.5459999999999999,NaN,1
1.338,0.552,NaN,1
1.338,0.558,0.005375,0
1.338,0.5640000000000001,0.005375,0
1.338,0.5700000000000001,0.005375,0
1.338,0.576,0.005375,0
1.338,0.582,0.005375,0
1.338,0.588,0.005375,0
1.338,0.594,0.005375,0
1.3639999999999999,0.3,NaN,1
1.3639999999999999,0.306,NaN,1
1.3639999999999999,0.312,NaN,1
1.3639999999999999,0.318,NaN,1
1.3639999999999999,0.324,NaN,1
1.3639999999999999,0.32999999999999996,NaN,1
1.3639999999999999,0.33599999999999997,NaN,1
1.3639999999999999,0.34199999999999997,NaN,1
1.3639999999999999,0.348,NaN,1
1.3639999999999999,0.354,NaN,1
1.3639999999999999,0.36,NaN,1
1.3639999999999999,0.366,NaN,1
1.3639999999999999,0.372,NaN,1
1.3639999999999999,0.378,NaN,1
1.3639999999999999,0.384,NaN,1
1.3639999999999999,0.39,NaN,1
1.3639999999999999,0.396,NaN,1
1.3639999999999999,0.40199999999999997,NaN,1
1.3639999999999999,0.408,NaN,1
1.3639999999999999,0.414,NaN,1
1.3639999999999999,0.42,NaN,1
1.3639999999999999,0.426,NaN,1
1.3639999999999999,0.432,NaN,1
1.3639999999999999,0.43799999999999994,NaN,1
1.3639999999999999,0.44399999999999995,NaN,1
1.3639999999999999,0.44999999999999996,NaN,1
1.3639999999999999,0.45599999999999996,NaN,1
1.3639999999999999,0.46199999999999997,NaN,1
1.3639999999999999,0.46799999999999997,NaN,1
1.3639999999999999,0.474,NaN,1
1.3639999999999999,0.48,NaN,1
1.3639999999999999,0.486,NaN,1
1.3639999999999999,0.492,NaN,1
1.3639999999999999,0.498,NaN,1
1.3639999999999999,0.504,NaN,1
1.3639999999999999,0.51,NaN,1
1.3639999999999999,0.516,NaN,1
1.3639999999999999,0.522,NaN,1
1.3639999999999999,0.528,NaN,1
1.3639999999999999,0.534,NaN,1
1.3639999999999999,0.54,NaN,1
1.3639999999999999,0.5459999999999999,0.005299999999999999,0
1.3639999999999999,0.552,0.005299999999999999,0
1.3639999999999999,0.558,0.005299999999999999,0
1.3639999999999999,0.5640000000000001,0.005299999999999999,0
1.3639999999999999,0.5700000000000001,0.005299999999999999,0
1.3639999999999999,0.576,0.005299999999999999,0
1.3639999999999999,0.582,0.005299999999999999,0
1.3639999999999999,0.588,0.005299999999999999,0
1.3639999999999999,0.594,0.005299999999999999,0
1.39,0.3,NaN,1
1.39,0.306,NaN,1
1.39,0.312,NaN,1
1.39,0.318,NaN,1
1.39,0.324,NaN,1
1.39,0.32999999999999996,NaN,1
1.39,0.33599999999999997,NaN,1
1.39,0.34199999999999997,NaN,1
1.39,0.348,NaN,1
1.39,0.354,NaN,1
1.39,0.36,NaN,1
1.39,0.366,NaN,1
1.39,0.372,NaN,1
1.39,0.378,NaN,1
1.39,0.384,NaN,1
1.39,0.39,NaN,1
1.39,0.396,NaN,1
1.39,0.40199999999999997,NaN,1
1.39,0.408,NaN,1
1.39,0.414,NaN,1
1.39,0.42,NaN,1
1.39,0.426,NaN,1
1.39,0.432,NaN,1
1.39,0.43799999999999994,NaN,1
1.39,0.44399999999999995,NaN,1
1.39,0.44999999999999996,NaN,1
1.39,0.45599999999999996,NaN,1
1.39,0.46199999999999997,NaN,1
1.39,0.46799999999999997,NaN,1
1.39,0.474,NaN,1
1.39,0.48,NaN,1
1.39,0.486,NaN,1
1.39,0.492,NaN,1
1.39,0.498,NaN,1
1.39,0.504,NaN,1
1.39,0.51,NaN,1
1.39,0.516,NaN,1
1.39,0.522,NaN,1
1.39,0.528,NaN,1
1.39,0.534,0.00515,0
1.39,0.54,0.00515,0
1.39,0.5459999999999999,0.00515,0
1.39,0.552,0.00515,0
1.39,0.558,0.00515,0
1.39,0.5640000000000001,0.00515,0
1.39,0.5700000000000001,0.00515,0
1.39,0.576,0.00515,0
1.39,0.582,0.00515,0
1.39,0.588,0.00515,0
1.39,0.594,0.00515,0
1.416,0.3,NaN,1
1.416,0.306,NaN,1
1.416,0.312,NaN,1
1.416,0.318,NaN,1
1.416,0.324,NaN,1
1.416,0.32999999999999996,NaN,1
1.416,0.33599999999999997,NaN,1
1.416,0.34199999999999997,NaN,1
1.416,0.348,NaN,1
1.416,0.354,NaN,1
1.416,0.36,NaN,1
1.416,0.366,NaN,1
1.416,0.372,NaN,1
1.416,0.378,NaN,1
1.416,0.384,NaN,1
1.416,0.39,NaN,1
1.416,0.396,NaN,1
1.416,0.40199999999999997,NaN,1
1.416,0.408,NaN,1
1.416,0.414,NaN,1
1.416,0.42,NaN,1
1.416,0.426,NaN,1
1.416,0.432,NaN,1
1.416,0.43799999999999994,NaN,1
1.416,0.44399999999999995,NaN,1
1.416,0.44999999999999996,NaN,1
1.416,0.45599999999999996,NaN,1
1.416,0.46199999999999997,NaN,1
1.416,0.46799999999999997,NaN,1
1.416,0.474,NaN,1
1.416,0.48,NaN,1
1.416,0.486,NaN,1
1.416,0.492,NaN,1
1.416,0.498,NaN,1
1.416,0.504,NaN,1
1.416,0.51,NaN,1
1.416,0.516,NaN,1
1.416,0.522,NaN,1
1.416,0.528,0.005075,0
1.416,0.534,0.005075,0
1.416,0.54,0.005075,0
1.416,0.5459999999999999,0.005075,0
1.416,0.552,0.005075,0
1.416,0.558,0.005075,0
1.416,0.5640000000000001,0.005075,0
1.416,0.5700000000000001,0.005075,0
1.416,0.576,0.005075,0
1.416,0.582,0.005075,0
1.416,0.588,0.005075,0
1.416,0.594,0.005075,0
1.442,0.3,NaN,1
1.442,0.306,NaN,1
1.442,0.312,NaN,1
1.442,0.318,NaN,1
1.442,0.324,NaN,1
1.442,0.32999999999999996,NaN,1
1.442,0.33599999999999997,NaN,1
1.442,0.34199999999999997,NaN,1
1.442,0.348,NaN,1
1.442,0.354,NaN,1
1.442,0.36,NaN,1
1.442,0.366,NaN,1
1.442,0.372,NaN,1
1.442,0.378,NaN,1
1.442,0.384,NaN,1
1.442,0.39,NaN,1
1.442,0.396,NaN,1
1.442,0.40199999999999997,NaN,1
1.442,0.408,NaN,1
1.442,0.414,NaN,1
1.442,0.42,NaN,1
1.442,0.426,NaN,1
1.442,0.432,NaN,1
1.442,0.43799999999999994,NaN,1
1.442,0.44399999999999995,NaN,1
1.442,0.44999999999999996,NaN,1
1.442,0.45599999999999996,NaN,1
1.442,0.46199999999999997,NaN,1
1.442,0.46799999999999997,NaN,1
1.442,0.474,NaN,1
1.442,0.48,NaN,1
1.442,0.486,NaN,1
1.442,0.492,NaN,1
1.442,0.498,NaN,1
1.442,0.504,NaN,1
1.442,0.51,NaN,1
1.442,0.516,0.004999999999999999,0
1.442,0.522,0.004999999999999999,0
1.442,0.528,0.004999999999999999,0
1.442,0.534,0.004999999999999999,0
1.442,0.54,0.004999999999999999,0
1.442,0.5459999999999999,0.004999999999999999,0
1.442,0.552,0.004999999999999999,0
1.442,0.558,0.004999999999999999,0
1.442,0.5640000000000001,0.004999999999999999,0
1.442,0.5700000000000001,0.004999999999999999,0
1.442,0.576,0.004999999999999999,0
1.442,0.582,0.004999999999999999,0
1.442,0.588,0.004999999999999999,0
1.442,0.594,0.004999999999999999,0
1.468,0.3,NaN,1
1.468,0.306,NaN,1
1.468,0.312,NaN,1
1.468,0.318,NaN,1
1.468,0.324,NaN,1
1.468,0.32999999999999996,NaN,1
1.468,0.33599999999999997,NaN,1
1.468,0.34199999999999997,NaN,1
1.468,0.348,NaN,1
1.468,0.354,NaN,1
1.468,0.36,NaN,1
1.468,0.366,NaN,1
1.468,0.372,NaN,1
1.468,0.378,NaN,1
1.468,0.384,NaN,1
1.468,0.39,NaN,1
1.468,0.396,NaN,1
1.468,0.40199999999999997,NaN,1
1.468,0.408,NaN,1
1.468,0.414,NaN,1
1.468,0.42,NaN,1
1.468,0.426,NaN,1
1.468,0.432,NaN,1
1.468,0.43799999999999994,NaN,1
1.468,0.44399999999999995,NaN,1
1.468,0.44999999999999996,NaN,1
1.468,0.45599999999999996,NaN,1
1.468,0.46199999999999997,NaN,1
1.468,0.46799999999999997,NaN,1
1.468,0.474,NaN,1
1.468,0.48,NaN,1
1.468,0.486,NaN,1
1.468,0.492,NaN,1
1.468,0.498,NaN,1
1.468,0.504,0.0049250000000000006,0
1.468,0.51,0.0049250000000000006,0
1.468,0.516,0.0049250000000000006,0
1.468,0.522,0.0049250000000000006,0
1.468,0.528,0.0049250000000000006,0
1.468,0.534,0.0049250000000000006,0
1.468,0.54,0.0049250000000000006,0
1.468,0.5459999999999999,0.0049250000000000006,0
1.468,0.552,0.0049250000000000006,0
1.468,0.558,0.0049250000000000006,0
1.468,0.5640000000000001,0.0049250000000000006,0
1.468,0.5700000000000001,0.0049250000000000006,0
1.468,0.576,0.0049250000000000006,0
1.468,0.582,0.0049250000000000006,0
1.468,0.588,0.0049250000000000006,0
1.468,0.594,0.0049250000000000006,0
1.494,0.3,NaN,1
1.494,0.306,NaN,1
1.494,0.312,NaN,1
1.494,0.318,NaN,1
1.494,0.324,NaN,1
1.494,0.32999999999999996,NaN,1
1.494,0.33599999999999997,NaN,1
1.494,0.34199999999999997,NaN,1
1.494,0.348,NaN,1
1.494,0.354,NaN,1
1.494,0.36,NaN,1
1.494,0.366,NaN,1
1.494,0.372,NaN,1
1.494,0.378,NaN,1
1.494,0.384,NaN,1
1.494,0.39,NaN,1
1.494,0.396,NaN,1
1.494,0.40199999999999997,NaN,1
1.494,0.408,NaN,1
1.494,0.414,NaN,1
1.494,0.42,NaN,1
1.494,0.426,NaN,1
1.494,0.432,NaN,1
1.494,0.43799999999999994,NaN,1
1.494,0.44399999999999995,NaN,1
1.494,0.44999999999999996,NaN,1
1.494,0.45599999999999996,NaN,1
1.494,0.46199999999999997,NaN,1
1.494,0.46799999999999997,NaN,1
1.494,0.474,NaN,1
1.494,0.48,NaN,1
1.494,0.486,NaN,1
1.494,0.492,NaN,1
1.494,0.498,0.004775,0
1.494,0.504,0.004775,0
1.494,0.51,0.004775,0
1.494,0.516,0.004775,0
1.494,0.522,0.004775,0
1.494,0.528,0.004775,0
1.494,0.534,0.004775,0
1.494,0.54,0.004775,0
1.494,0.5459999999999999,0.004775,0
1.494,0.552,0.004775,0
1.494,0.558,0.004775,0
1.494,0.5640000000000001,0.004775,0
1.494,0.5700000000000001,0.004775,0
1.494,0.576,0.004775,0
1.494,0.582,0.004775,0
1.494,0.588,0.004775,0
1.494,0.594,0.004775,0
1.52,0.3,NaN,1
1.52,0.306,NaN,1
1.52,0.312,NaN,1
1.52,0.318,NaN,1
1.52,0.324,NaN,1
1.52,0.32999999999999996,NaN,1
1.52,0.33599999999999997,NaN,1
1.52,0.34199999999999997,NaN,1
1.52,0.348,NaN,1
1.52,0.354,NaN,1
1.52,0.36,NaN,1
1.52,0.366,NaN,1
1.52,0.372,NaN,1
1.52,0.378,NaN,1
1.52,0.384,NaN,1
1.52,0.39,NaN,1
1.52,0.396,NaN,1
1.52,0.40199999999999997,NaN,1
1.52,0.408,NaN,1
1.52,0.414,NaN,1
1.52,0.42,NaN,1
1.52,0.426,NaN,1
1.52,0.432,NaN,1
1.52,0.43799999999999994,NaN,1
1.52,0.44399999999999995,NaN,1
1.52,0.44999999999999996,NaN,1
1.52,0.45599999999999996,NaN,1
1.52,0.46199999999999997,NaN,1
1.52,0.46799999999999997,NaN,1
1.52,0.474,NaN,1
1.52,0.48,NaN,1
1.52,0.486,NaN,1
1.52,0.492,0.004699999999999999,0
1.52,0.498,0.004699999999999999,0
1.52,0.504,0.004699999999999999,0
1.52,0.51,0.004699999999999999,0
1.52,0.516,0.004699999999999999,0
1.52,0.522,0.004699999999999999,0
1.52,0.528,0.004699999999999999,0
1.52,0.534,0.004699999999999999,0
1.52,0.54,0.004699999999999999,0
1.52,0.5459999999999999,0.004699999999999999,0
1.52,0.552,0.004699999999999999,0
1.52,0.558,0.004699999999999999,0
1.52,0.5640000000000001,0.004699999999999999,0
1.52,0.5700000000000001,0.004699999999999999,0
1.52,0.576,0.004699999999999999,0
1.52,0.582,0.004699999999999999,0
1.52,0.588,0.004699999999999999,0
1.52,0.594,0.004699999999999999,0
1.5459999999999998,0.3,NaN,1
1.5459999999999998,0.306,NaN,1
1.5459999999999998,0.312,NaN,1
1.5459999999999998,0.318,NaN,1
1.5459999999999998,0.324,NaN,1
1.5459999999999998,0.32999999999999996,NaN,1
1.5459999999999998,0.33599999999999997,NaN,1
1.5459999999999998,0.34199999999999997,NaN,1
1.5459999999999998,0.348,NaN,1
1.5459999999999998,0.354,NaN,1
1.5459999999999998,0.36,NaN,1
1.5459999999999998,0.366,NaN,1
1.5459999999999998,0.372,NaN,1
1.5459999999999998,0.378,NaN,1
1.5459999999999998,0.384,NaN,1
1.5459999999999998,0.39,NaN,1
1.5459999999999998,0.396,NaN,1
1.5459999999999998,0.40199999999999997,NaN,1
1.5459999999999998,0.408,NaN,1
1.5459999999999998,0.414,NaN,1
1.5459999999999998,0.42,NaN,1
1.5459999999999998,0.426,NaN,1
1.5459999999999998,0.432,NaN,1
1.5459999999999998,0.43799999999999994,NaN,1
1.5459999999999998,0.44399999999999995,NaN,1
1.5459999999999998,0.44999999999999996,NaN,1
1.5459999999999998,0.45599999999999996,NaN,1
1.5459999999999998,0.46199999999999997,NaN,1
1.5459999999999998,0.46799999999999997,NaN,1
1.5459999999999998,0.474,NaN,1
1.5459999999999998,0.48,0.004625000000000001,0
1.5459999999999998,0.486,0.004625000000000001,0
1.5459999999999998,0.492,0.004625000000000001,0
1.5459999999999998,0.498,0.004625000000000001,0
1.5459999999999998,0.504,0.004625000000000001,0
1.5459999999999998,0.51,0.004625000000000001,0
1.5459999999999998,0.516,0.004625000000000001,0
1.5459999999999998,0.522,0.004625000000000001,0
1.5459999999999998,0.528,0.004625000000000001,0
1.5459999999999998,0.534,0.004625000000000001,0
1.5459999999999998,0.54,0.004625000000000001,0
1.5459999999999998,0.5459999999999999,0.004625000000000001,0
1.5459999999999998,0.552,0.004625000000000001,0
1.5459999999999998,0.558,0.004625000000000001,0
1.5459999999999998,0.5640000000000001,0.004625000000000001,0
1.5459999999999998,0.5700000000000001,0.004625000000000001,0
1.5459999999999998,0.576,0.004625000000000001,0
1.5459999999999998,0.582,0.004625000000000001,0
1.5459999999999998,0.588,0.004625000000000001,0
1.5459999999999998,0.594,0.004625000000000001,0
1.5719999999999998,0.3,NaN,1
1.5719999999999998,0.306,NaN,1
1.5719999999999998,0.312,NaN,1
1.5719999999999998,0.318,NaN,1
1.5719999999999998,0.324,NaN,1
1.5719999999999998,0.32999999999999996,NaN,1
1.5719999999999998,0.33599999999999997,NaN,1
1.5719999999999998,0.34199999999999997,NaN,1
1.5719999999999998,0.348,NaN,1
1.5719999999999998,0.354,NaN,1
1.5719999999999998,0.36,NaN,1
1.5719999999999998,0.366,NaN,1
1.5719999999999998,0.372,NaN,1
1.5719999999999998,0.378,NaN,1
1.5719999999999998,0.384,NaN,1
1.5719999999999998,0.39,NaN,1
1.5719999999999998,0.396,NaN,1
1.5719999999999998,0.40199999999999997,NaN,1
1.5719999999999998,0.408,NaN,1
1.5719999999999998,0.414,NaN,1
1.5719999999999998,0.42,NaN,1
1.5719999999999998,0.426,NaN,1
1.5719999999999998,0.432,NaN,1
1.5719999999999998,0.43799999999999994,NaN,1
1.5719999999999998,0.44399999999999995,NaN,1
1.5719999999999998,0.44999999999999996,NaN,1
1.5719999999999998,0.45599999999999996,NaN,1
1.5719999999999998,0.46199999999999997,NaN,1
1.5719999999999998,0.46799999999999997,NaN,1
1.5719999999999998,0.474,0.00455,0
1.5719999999999998,0.48,0.00455,0
1.5719999999999998,0.486,0.00455,0
1.5719999999999998,0.492,0.00455,0
1.5719999999999998,0.498,0.00455,0
1.5719999999999998,0.504,0.00455,0
1.5719999999999998,0.51,0.00455,0
1.5719999999999998,0.516,0.00455,0
1.5719999999999998,0.522,0.00455,0
1.5719999999999998,0.528,0.00455,0
1.5719999999999998,0.534,0.00455,0
1.5719999999999998,0.54,0.00455,0
1.5719999999999998,0.5459999999999999,0.00455,0
1.5719999999999998,0.552,0.00455,0
1.5719999999999998,0.558,0.00455,0
1.5719999999999998,0.5640000000000001,0.00455,0
1.5719999999999998,0.5700000000000001,0.00455,0
1.5719999999999998,0.576,0.00455,0
1.5719999999999998,0.582,0.00455,0
1.5719999999999998,0.588,0.00455,0
1.5719999999999998,0.594,0.00455,0
1.5979999999999999,0.3,NaN,1
1.5979999999999999,0.306,NaN,1
1.5979999999999999,0.312,NaN,1
1.5979999999999999,0.318,NaN,1
1.5979999999999999,0.324,NaN,1
1.5979999999999999,0.32999999999999996,NaN,1
1.5979999999999999,0.33599999999999997,NaN,1
1.5979999999999999,0.34199999999999997,NaN,1
1.5979999999999999,0.348,NaN,1
1.5979999999999999,0.354,NaN,1
1.5979999999999999,0.36,NaN,1
1.5979999999999999,0.366,NaN,1
1.5979999999999999,0.372,NaN,1
1.5979999999999999,0.378,NaN,1
1.5979999999999999,0.384,NaN,1
1.5979999999999999,0.39,NaN,1
1.5979999999999999,0.396,NaN,1
1.5979999999999999,0.40199999999999997,NaN,1
1.5979999999999999,0.408,NaN,1
1.5979999999999999,0.414,NaN,1
1.5979999999999999,0.42,NaN,1
1.5979999999999999,0.426,NaN,1
1.5979999999999999,0.432,NaN,1
1.5979999999999999,0.43799999999999994,NaN,1
1.5979999999999999,0.44399999999999995,NaN,1
1.5979999999999999,0.44999999999999996,NaN,1
1.5979999999999999,0.45599999999999996,NaN,1
1.5979999999999999,0.46199999999999997,NaN,1
1.5979999999999999,0.46799999999999997,0.004475,0
1.5979999999999999,0.474,0.004475,0
1.5979999999999999,0.48,0.004475,0
1.5979999999999999,0.486,0.004475,0
1.5979999999999999,0.492,0.004475,0
1.5979999999999999,0.498,0.004475,0
1.5979999999999999,0.504,0.004475,0
1.5979999999999999,0.51,0.004475,0
1.5979999999999999,0.516,0.004475,0
1.5979999999999999,0.522,0.004475,0
1.5979999999999999,0.528,0.004475,0
1.5979999999999999,0.534,0.004475,0
1.5979999999999999,0.54,0.004475,0
1.5979999999999999,0.5459999999999999,0.004475,0
1.5979999999999999,0.552,0.004475,0
1.5979999999999999,0.558,0.004475,0
1.5979999999999999,0.5640000000000001,0.004475,0
1.5979999999999999,0.5700000000000001,0.004475,0
1.5979999999999999,0.576,0.004475,0
1.5979999999999999,0.582,0.004475,0
1.5979999999999999,0.588,0.004475,0
1.5979999999999999,0.594,0.004475,0
1.6239999999999999,0.3,NaN,1
1.6239999999999999,0.306,NaN,1
1.6239999999999999,0.312,NaN,1
1.6239999999999999,0.318,NaN,1
1.6239999999999999,0.324,NaN,1
1.6239999999999999,0.32999999999999996,NaN,1
1.6239999999999999,0.33599999999999997,NaN,1
1.6239999999999999,0.34199999999999997,NaN,1
1.6239999999999999,0.348,NaN,1
1.6239999999999999,0.354,NaN,1
1.6239999999999999,0.36,NaN,1
1.6239999999999999,0.366,NaN,1
1.6239999999999999,0.372,NaN,1
1.6239999999999999,0.378,NaN,1
1.6239999999999999,0.384,NaN,1
1.6239999999999999,0.39,NaN,1
1.6239999999999999,0.396,NaN,1
1.6239999999999999,0.40199999999999997,NaN,1
1.6239999999999999,0.408,NaN,1
1.6239999999999999,0.414,NaN,1
1.6239999999999999,0.42,NaN,1
1.6239999999999999,0.426,NaN,1
1.6239999999999999,0.432,NaN,1
1.6239999999999999,0.43799999999999994,NaN,1
1.6239999999999999,0.44399999999999995,NaN,1
1.6239999999999999,0.44999999999999996,NaN,1
1.6239999999999999,0.45599999999999996,0.0044,0
1.6239999999999999,0.46199999999999997,0.0044,0
1.6239999999999999,0.46799999999999997,0.0044,0
1.6239999999999999,0.474,0.0044,0
1.6239999999999999,0.48,0.0044,0
1.6239999999999999,0.486,0.0044,0
1.6239999999999999,0.492,0.0044,0
1.6239999999999999,0.498,0.0044,0
1.6239999999999999,0.504,0.0044,0
1.6239999999999999,0.51,0.0044,0
1.6239999999999999,0.516,0.0044,0
1.6239999999999999,0.522,0.0044,0
1.6239999999999999,0.528,0.0044,0
1.6239999999999999,0.534,0.0044,0
1.6239999999999999,0.54,0.0044,0
1.6239999999999999,0.5459999999999999,0.0044,0
1.6239999999999999,0.552,0.0044,0
1.6239999999999999,0.558,0.0044,0
1.6239999999999999,0.5640000000000001,0.0044,0
1.6239999999999999,0.5700000000000001,0.0044,0
1.6239999999999999,0.576,0.0044,0
1.6239999999999999,0.582,0.0044,0
1.6239999999999999,0.588,0.0044,0
1.6239999999999999,0.594,0.0044,0
1.65,0.3,NaN,1
1.65,0.306,NaN,1
1.65,0.312,NaN,1
1.65,0.318,NaN,1
1.65,0.324,NaN,1
1.65,0.32999999999999996,NaN,1
1.65,0.33599999999999997,NaN,1
1.65,0.34199999999999997,NaN,1
1.65,0.348,NaN,1
1.65,0.354,NaN,1
1.65,0.36,NaN,1
1.65,0.366,NaN,1
1.65,0.372,NaN,1
1.65,0.378,NaN,1
1.65,0.384,NaN,1
1.65,0.39,NaN,1
1.65,0.396,NaN,1
1.65,0.40199999999999997,NaN,1
1.65,0.408,NaN,1
1.65,0.414,NaN,1
1.65,0.42,NaN,1
1.65,0.426,NaN,1
1.65,0.432,NaN,1
1.65,0.43799999999999994,NaN,1
1.65,0.44399999999999995,NaN,1
1.65,0.44999999999999996,0.004325000000000001,0
1.65,0.45599999999999996,0.004325000000000001,0
1.65,0.46199999999999997,0.004325000000000001,0
1.65,0.46799999999999997,0.004325000000000001,0
1.65,0.474,0.004325000000000001,0
1.65,0.48,0.004325000000000001,0
1.65,0.486,0.004325000000000001,0
1.65,0.492,0.004325000000000001,0
1.65,0.498,0.004325000000000001,0
1.65,0.504,0.004325000000000001,0
1.65,0.51,0.004325000000000001,0
1.65,0.516,0.004325000000000001,0
1.65,0.522,0.004325000000000001,0
1.65,0.528,0.004325000000000001,0
1.65,0.534,0.004325000000000001,0
1.65,0.54,0.004325000000000001,0
1.65,0.5459999999999999,0.004325000000000001,0
1.65,0.552,0.004325000000000001,0
1.65,0.558,0.004325000000000001,0
1.65,0.5640000000000001,0.004325000000000001,0
1.65,0.5700000000000001,0.004325000000000001,0
1.65,0.576,0.004325000000000001,0
1.65,0.582,0.004325000000000001,0
1.65,0.588,0.004325000000000001,0
1.65,0.594,0.004325000000000001,0
1.676,0.3,NaN,1
1.676,0.306,NaN,1
1.676,0.312,NaN,1
1.676,0.318,NaN,1
1.676,0.324,NaN,1
1.676,0.32999999999999996,NaN,1
1.676,0.33599999999999997,NaN,1
1.676,0.34199999999999997,NaN,1
1.676,0.348,NaN,1
1.676,0.354,NaN,1
1.676,0.36,NaN,1
1.676,0.366,NaN,1
1.676,0.372,NaN,1
1.676,0.378,NaN,1
1.676,0.384,NaN,1
1.676,0.39,NaN,1
1.676,0.396,NaN,1
1.676,0.40199999999999997,NaN,1
1.676,0.408,NaN,1
1.676,0.414,NaN,1
1.676,0.42,NaN,1
1.676,0.426,NaN,1
1.676,0.432,NaN,1
1.676,0.43799999999999994,NaN,1
1.676,0.44399999999999995,0.00425,0
1.676,0.44999999999999996,0.00425,0
1.676,0.45599999999999996,0.00425,0
1.676,0.46199999999999997,0.00425,0
1.676,0.46799999999999997,0.00425,0
1.676,0.474,0.00425,0
1.676,0.48,0.00425,0
1.676,0.486,0.00425,0
1.676,0.492,0.00425,0
1.676,0.498,0.00425,0
1.676,0.504,0.00425,0
1.676,0.51,0.00425,0
1.676,0.516,0.00425,0
1.676,0.522,0.00425,0
1.676,0.528,0.00425,0
1.676,0.534,0.00425,0
1.676,0.54,0.00425,0
1.676,0.5459999999999999,0.00425,0
1.676,0.552,0.00425,0
1.676,0.558,0.00425,0
1.676,0.5640000000000001,0.00425,0
1.676,0.5700000000000001,0.00425,0
1.676,0.576,0.00425,0
1.676,0.582,0.00425,0
1.676,0.588,0.00425,0
1.676,0.594,0.00425,0
1.702,0.3,NaN,1
1.702,0.306,NaN,1
1.702,0.312,NaN,1
1.702,0.318,NaN,1
1.702,0.324,NaN,1
1.702,0.32999999999999996,NaN,1
1.702,0.33599999999999997,NaN,1
1.702,0.34199999999999997,NaN,1
1.702,0.348,NaN,1
1.702,0.354,NaN,1
1.702,0.36,NaN,1
1.702,0.366,NaN,1
1.702,0.372,NaN,1
1.702,0.378,NaN,1
1.702,0.384,NaN,1
1.702,0.39,NaN,1
1.702,0.396,NaN,1
1.702,0.40199999999999997,NaN,1
1.702,0.408,NaN,1
1.702,0.414,NaN,1
1.702,0.42,NaN,1
1.702,0.426,NaN,1
1.702,0.432,NaN,1
1.702,0.43799999999999994,0.00425,0
1.702,0.44399999999999995,0.00425,0
1.702,0.44999999999999996,0.00425,0
1.702,0.45599999999999996,0.00425,0
1.702,0.46199999999999997,0.00425,0
1.702,0.46799999999999997,0.00425,0
1.702,0.474,0.00425,0
1.702,0.48,0.00425,0
1.702,0.486,0.00425,0
1.702,0.492,0.00425,0
1.702,0.498,0.00425,0
1.702,0.504,0.00425,0
1.702,0.51,0.00425,0
1.702,0.516,0.00425,0
1.702,0.522,0.00425,0
1.702,0.528,0.00425,0
1.702,0.534,0.00425,0
1.702,0.54,0.00425,0
1.702,0.5459999999999999,0.00425,0
1.702,0.552,0.00425,0
1.702,0.558,0.00425,0
1.702,0.5640000000000001,0.00425,0
1.702,0.5700000000000001,0.00425,0
1.702,0.576,0.00425,0
1.702,0.582,0.00425,0
1.702,0.588,0.00425,0
1.702,0.594,0.00425,0
1.7279999999999998,0.3,NaN,1
1.7279999999999998,0.306,NaN,1
1.7279999999999998,0.312,NaN,1
1.7279999999999998,0.318,NaN,1
1.7279999999999998,0.324,NaN,1
1.7279999999999998,0.32999999999999996,NaN,1
1.7279999999999998,0.33599999999999997,NaN,1
1.7279999999999998,0.34199999999999997,NaN,1
1.7279999999999998,0.348,NaN,1
1.7279999999999998,0.354,NaN,1
1.7279999999999998,0.36,NaN,1
1.7279999999999998,0.366,NaN,1
1.7279999999999998,0.372,NaN,1
1.7279999999999998,0.378,NaN,1
1.7279999999999998,0.384,NaN,1
1.7279999999999998,0.39,NaN,1
1.7279999999999998,0.396,NaN,1
1.7279999999999998,0.40199999999999997,NaN,1
1.7279999999999998,0.408,NaN,1
1.7279999999999998,0.414,NaN,1
1.7279999999999998,0.42,NaN,1
1.7279999999999998,0.426,NaN,1
1.7279999999999998,0.432,0.004175,0
1.7279999999999998,0.43799999999999994,0.004175,0
1.7279999999999998,0.44399999999999995,0.004175,0
1.7279999999999998,0.44999999999999996,0.004175,0
1.7279999999999998,0.45599999999999996,0.004175,0
1.7279999999999998,0.46199999999999997,0.004175,0
1.7279999999999998,0.46799999999999997,0.004175,0
1.7279999999999998,0.474,0.004175,0
1.7279999999999998,0.48,0.004175,0
1.7279999999999998,0.486,0.004175,0
1.7279999999999998,0.492,0.004175,0
1.7279999999999998,0.498,0.004175,0
1.7279999999999998,0.504,0.004175,0
1.7279999999999998,0.51,0.004175,0
1.7279999999999998,0.516,0.004175,0
1.7279999999999998,0.522,0.004175,0
1.7279999999999998,0.528,0.004175,0
1.7279999999999998,0.534,0.004175,0
1.7279999999999998,0.54,0.004175,0
1.7279999999999998,0.5459999999999999,0.004175,0
1.7279999999999998,0.552,0.004175,0
1.7279999999999998,0.558,0.004175,0
1.7279999999999998,0.5640000000000001,0.004175,0
1.7279999999999998,0.5700000000000001,0.004175,0
1.7279999999999998,0.576,0.004175,0
1.7279999999999998,0.582,0.004175,0
1.7279999999999998,0.588,0.004175,0
1.7279999999999998,0.594,0.004175,0
1.754,0.3,NaN,1
1.754,0.306,NaN,1
1.754,0.312,NaN,1
1.754,0.318,NaN,1
1.754,0.324,NaN,1
1.754,0.32999999999999996,NaN,1
1.754,0.33599999999999997,NaN,1
1.754,0.34199999999999997,NaN,1
1.754,0.348,NaN,1
1.754,0.354,NaN,1
1.754,0.36,NaN,1
1.754,0.366,NaN,1
1.754,0.372,NaN,1
1.754,0.378,NaN,1
1.754,0.384,NaN,1
1.754,0.39,NaN,1
1.754,0.396,NaN,1
1.754,0.40199999999999997,NaN,1
1.754,0.408,NaN,1
1.754,0.414,NaN,1
1.754,0.42,NaN,1
1.754,0.426,0.0040999999999999995,0
1.754,0.432,0.0040999999999999995,0
1.754,0.43799999999999994,0.0040999999999999995,0
1.754,0.44399999999999995,0.0040999999999999995,0
1.754,0.44999999999999996,0.0040999999999999995,0
1.754,0.45599999999999996,0.0040999999999999995,0
1.754,0.46199999999999997,0.0040999999999999995,0
1.754,0.46799999999999997,0.0040999999999999995,0
1.754,0.474,0.0040999999999999995,0
1.754,0.48,0.0040999999999999995,0
1.754,0.486,0.0040999999999999995,0
1.754,0.492,0.0040999999999999995,0
1.754,0.498,0.0040999999999999995,0
1.754,0.504,0.0040999999999999995,0
1.754,0.51,0.0040999999999999995,0
1.754,0.516,0.0040999999999999995,0
1.754,0.522,0.0040999999999999995,0
1.754,0.528,0.0040999999999999995,0
1.754,0.534,0.0040999999999999995,0
1.754,0.54,0.0040999999999999995,0
1.754,0.5459999999999999,0.0040999999999999995,0
1.754,0.552,0.0040999999999999995,0
1.754,0.558,0.0040999999999999995,0
1.754,0.5640000000000001,0.0040999999999999995,0
1.754,0.5700000000000001,0.0040999999999999995,0
1.754,0.576,0.0040999999999999995,0
1.754,0.582,0.0040999999999999995,0
1.754,0.588,0.0040999999999999995,0
1.754,0.594,0.0040999999999999995,0
1.7799999999999998,0.3,NaN,1
1.7799999999999998,0.306,NaN,1
1.7799999999999998,0.312,NaN,1
1.7799999999999998,0.318,NaN,1
1.7799999999999998,0.324,NaN,1
1.7799999999999998,0.32999999999999996,NaN,1
1.7799999999999998,0.33599999999999997,NaN,1
1.7799999999999998,0.34199999999999997,NaN,1
1.7799999999999998,0.348,NaN,1
1.7799999999999998,0.354,NaN,1
1.7799999999999998,0.36,NaN,1
1.7799999999999998,0.366,NaN,1
1.7799999999999998,0.372,NaN,1
1.7799999999999998,0.378,NaN,1
1.7799999999999998,0.384,NaN,1
1.7799999999999998,0.39,NaN,1
1.7799999999999998,0.396,NaN,1
1.7799999999999998,0.40199999999999997,NaN,1
1.7799999999999998,0.408,NaN,1
1.7799999999999998,0.414,NaN,1
1.7799999999999998,0.42,0.004025,0
1.7799999999999998,0.426,0.004025,0
1.7799999999999998,0.432,0.004025,0
1.7799999999999998,0.43799999999999994,0.004025,0
1.7799999999999998,0.44399999999999995,0.004025,0
1.7799999999999998,0.44999999999999996,0.004025,0
1.7799999999999998,0.45599999999999996,0.004025,0
1.7799999999999998,0.46199999999999997,0.004025,0
1.7799999999999998,0.46799999999999997,0.004025,0
1.7799999999999998,0.474,0.004025,0
1.7799999999999998,0.48,0.004025,0
1.7799999999999998,0.486,0.004025,0
1.7799999999999998,0.492,0.004025,0
1.7799999999999998,0.498,0.004025,0
1.7799999999999998,0.504,0.004025,0
1.7799999999999998,0.51,0.004025,0
1.7799999999999998,0.516,0.004025,0
1.7799999999999998,0.522,0.004025,0
1.7799999999999998,0.528,0.004025,0
1.7799999999999998,0.534,0.004025,0
1.7799999999999998,0.54,0.004025,0
1.7799999999999998,0.5459999999999999,0.004025,0
1.7799999999999998,0.552,0.004025,0
1.7799999999999998,0.558,0.004025,0
1.7799999999999998,0.5640000000000001,0.004025,0
1.7799999999999998,0.5700000000000001,0.004025,0
1.7799999999999998,0.576,0.004025,0
1.7799999999999998,0.582,0.004025,0
1.7799999999999998,0.588,0.004025,0
1.7799999999999998,0.594,0.004025,0
1.806,0.3,NaN,1
1.806,0.306,NaN,1
1.806,0.312,NaN,1
1.806,0.318,NaN,1
1.806,0.324,NaN,1
1.806,0.32999999999999996,NaN,1
1.806,0.33599999999999997,NaN,1
1.806,0.34199999999999997,NaN,1
1.806,0.348,NaN,1
1.806,0.354,NaN,1
1.806,0.36,NaN,1
1.806,0.366,NaN,1
1.806,0.372,NaN,1
1.806,0.378,NaN,1
1.806,0.384,NaN,1
1.806,0.39,NaN,1
1.806,0.396,NaN,1
1.806,0.40199999999999997,NaN,1
1.806,0.408,NaN,1
1.806,0.414,0.00395,0
1.806,0.42,0.00395,0
1.806,0.426,0.00395,0
1.806,0.432,0.00395,0
1.806,0.43799999999999994,0.00395,0
1.806,0.44399999999999995,0.00395,0
1.806,0.44999999999999996,0.00395,0
1.806,0.45599999999999996,0.00395,0
1.806,0.46199999999999997,0.00395,0
1.806,0.46799999999999997,0.00395,0
1.806,0.474,0.00395,0
1.806,0.48,0.00395,0
1.806,0.486,0.00395,0
1.806,0.492,0.00395,0
1.806,0.498,0.00395,0
1.806,0.504,0.00395,0
1.806,0.51,0.00395,0
1.806,0.516,0.00395,0
1.806,0.522,0.00395,0
1.806,0.528,0.00395,0
1.806,0.534,0.00395,0
1.806,0.54,0.00395,0
1.806,0.5459999999999999,0.00395,0
1.806,0.552,0.00395,0
1.806,0.558,0.00395,0
1.806,0.5640000000000001,0.00395,0
1.806,0.5700000000000001,0.00395,0
1.806,0.576,0.00395,0
1.806,0.582,0.00395,0
1.806,0.588,0.00395,0
1.806,0.594,0.00395,0
1.8319999999999999,0.3,NaN,1
1.8319999999999999,0.306,NaN,1
1.8319999999999999,0.312,NaN,1
1.8319999999999999,0.318,NaN,1
1.8319999999999999,0.324,NaN,1
1.8319999999999999,0.32999999999999996,NaN,1
1.8319999999999999,0.33599999999999997,NaN,1
1.8319999999999999,0.34199999999999997,NaN,1
1.8319999999999999,0.348,NaN,1
1.8319999999999999,0.354,NaN,1
1.8319999999999999,0.36,NaN,1
1.8319999999999999,0.366,NaN,1
1.8319999999999999,0.372,NaN,1
1.8319999999999999,0.378,NaN,1
1.8319999999999999,0.384,NaN,1
1.8319999999999999,0.39,NaN,1
1.8319999999999999,0.396,NaN,1
1.8319999999999999,0.40199999999999997,NaN,1
1.8319999999999999,0.408,0.00395,0
1.8319999999999999,0.414,0.00395,0
1.8319999999999999,0.42,0.00395,0
1.8319999999999999,0.426,0.00395,0
1.8319999999999999,0.432,0.00395,0
1.8319999999999999,0.43799999999999994,0.00395,0
1.8319999999999999,0.44399999999999995,0.00395,0
1.8319999999999999,0.44999999999999996,0.00395,0
1.8319999999999999,0.45599999999999996,0.00395,0
1.8319999999999999,0.46199999999999997,0.00395,0
1.8319999999999999,0.46799999999999997,0.00395,0
1.8319999999999999,0.474,0.00395,0
1.8319999999999999,0.48,0.00395,0
1.8319999999999999,0.486,0.00395,0
1.8319999999999999,0.492,0.00395,0
1.8319999999999999,0.498,0.00395,0
1.8319999999999999,0.504,0.00395,0
1.8319999999999999,0.51,0.00395,0
1.8319999999999999,0.516,0.00395,0
1.8319999999999999,0.522,0.00395,0
1.8319999999999999,0.528,0.00395,0
1.8319999999999999,0.534,0.00395,0
1.8319999999999999,0.54,0.00395,0
1.8319999999999999,0.5459999999999999,0.00395,0
1.8319999999999999,0.552,0.00395,0
1.8319999999999999,0.558,0.00395,0
1.8319999999999999,0.5640000000000001,0.00395,0
1.8319999999999999,0.5700000000000001,0.00395,0
1.8319999999999999,0.576,0.00395,0
1.8319999999999999,0.582,0.00395,0
1.8319999999999999,0.588,0.00395,0
1.8319999999999999,0.594,0.00395,0
1.8579999999999999,0.3,NaN,1
1.8579999999999999,0.306,NaN,1
1.8579999999999999,0.312,NaN,1
1.8579999999999999,0.318,NaN,1
1.8579999999999999,0.324,NaN,1
1.8579999999999999,0.32999999999999996,NaN,1
1.8579999999999999,0.33599999999999997,NaN,1
1.8579999999999999,0.34199999999999997,NaN,1
1.8579999999999999,0.348,NaN,1
1.8579999999999999,0.354,NaN,1
1.8579999999999999,0.36,NaN,1
1.8579999999999999,0.366,NaN,1
1.8579999999999999,0.372,NaN,1
1.8579999999999999,0.378,NaN,1
1.8579999999999999,0.384,NaN,1
1.8579999999999999,0.39,NaN,1
1.8579999999999999,0.396,NaN,1
1.8579999999999999,0.40199999999999997,0.0038749999999999995,0
1.8579999999999999,0.408,0.0038749999999999995,0
1.8579999999999999,0.414,0.0038749999999999995,0
1.8579999999999999,0.42,0.0038749999999999995,0
1.8579999999999999,0.426,0.0038749999999999995,0
1.8579999999999999,0.432,0.0038749999999999995,0
1.8579999999999999,0.43799999999999994,0.0038749999999999995,0
1.8579999999999999,0.44399999999999995,0.0038749999999999995,0
1.8579999999999999,0.44999999999999996,0.0038749999999999995,0
1.8579999999999999,0.45599999999999996,0.0038749999999999995,0
1.8579999999999999,0.46199999999999997,0.0038749999999999995,0
1.8579999999999999,0.46799999999999997,0.0038749999999999995,0
1.8579999999999999,0.474,0.0038749999999999995,0
1.8579999999999999,0.48,0.0038749999999999995,0
1.8579999999999999,0.486,0.0038749999999999995,0
1.8579999999999999,0.492,0.0038749999999999995,0
1.8579999999999999,0.498,0.0038749999999999995,0
1.8579999999999999,0.504,0.0038749999999999995,0
1.8579999999999999,0.51,0.0038749999999999995,0
1.8579999999999999,0.516,0.0038749999999999995,0
1.8579999999999999,0.522,0.0038749999999999995,0
1.8579999999999999,0.528,0.0038749999999999995,0
1.8579999999999999,0.534,0.0038749999999999995,0
1.8579999999999999,0.54,0.0038749999999999995,0
1.8579999999999999,0.5459999999999999,0.0038749999999999995,0
1.8579999999999999,0.552,0.0038749999999999995,0
1.8579999999999999,0.558,0.0038749999999999995,0
1.8579999999999999,0.5640000000000001,0.0038749999999999995,0
1.8579999999999999,0.5700000000000001,0.0038749999999999995,0
1.8579999999999999,0.576,0.0038749999999999995,0
1.8579999999999999,0.582,0.0038749999999999995,0
1.8579999999999999,0.588,0.0038749999999999995,0
1.8579999999999999,0.594,0.0038749999999999995,0
1.884,0.3,NaN,1
1.884,0.306,NaN,1
1.884,0.312,NaN,1
1.884,0.318,NaN,1
1.884,0.324,NaN,1
1.884,0.32999999999999996,NaN,1
1.884,0.33599999999999997,NaN,1
1.884,0.34199999999999997,NaN,1
1.884,0.348,NaN,1
1.884,0.354,NaN,1
1.884,0.36,NaN,1
1.884,0.366,NaN,1
1.884,0.372,NaN,1
1.884,0.378,NaN,1
1.884,0.384,NaN,1
1.884,0.39,NaN,1
1.884,0.396,0.0037999999999999996,0
1.884,0.40199999999999997,0.0037999999999999996,0
1.884,0.408,0.0037999999999999996,0
1.884,0.414,0.0037999999999999996,0
1.884,0.42,0.0037999999999999996,0
1.884,0.426,0.0037999999999999996,0
1.884,0.432,0.0037999999999999996,0
1.884,0.43799999999999994,0.0037999999999999996,0
1.884,0.44399999999999995,0.0037999999999999996,0
1.884,0.44999999999999996,0.0037999999999999996,0
1.884,0.45599999999999996,0.0037999999999999996,0
1.884,0.46199999999999997,0.0037999999999999996,0
1.884,0.46799999999999997,0.0037999999999999996,0
1.884,0.474,0.0037999999999999996,0
1.884,0.48,0.0037999999999999996,0
1.884,0.486,0.0037999999999999996,0
1.884,0.492,0.0037999999999999996,0
1.884,0.498,0.0037999999999999996,0
1.884,0.504,0.0037999999999999996,0
1.884,0.51,0.0037999999999999996,0
1.884,0.516,0.0037999999999999996,0
1.884,0.522,0.0037999999999999996,0
1.884,0.528,0.0037999999999999996,0
1.884,0.534,0.0037999999999999996,0
1.884,0.54,0.0037999999999999996,0
1.884,0.5459999999999999,0.0037999999999999996,0
1.884,0.552,0.0037999999999999996,0
1.884,0.558,0.0037999999999999996,0
1.884,0.5640000000000001,0.0037999999999999996,0
1.884,0.5700000000000001,0.0037999999999999996,0
1.884,0.576,0.0037999999999999996,0
1.884,0.582,0.0037999999999999996,0
1.884,0.588,0.0037999999999999996,0
1.884,0.594,0.0037999999999999996,0
1.9099999999999997,0.3,NaN,1
1.9099999999999997,0.306,NaN,1
1.9099999999999997,0.312,NaN,1
1.9099999999999997,0.318,NaN,1
1.9099999999999997,0.324,NaN,1
1.9099999999999997,0.32999999999999996,NaN,1
1.9099999999999997,0.33599999999999997,NaN,1
1.9099999999999997,0.34199999999999997,NaN,1
1.9099999999999997,0.348,NaN,1
1.9099999999999997,0.354,NaN,1
1.9099999999999997,0.36,NaN,1
1.9099999999999997,0.366,NaN,1
1.9099999999999997,0.372,NaN,1
1.9099999999999997,0.378,NaN,1
1.9099999999999997,0.384,NaN,1
1.9099999999999997,0.39,0.003725,0
1.9099999999999997,0.396,0.003725,0
1.9099999999999997,0.40199999999999997,0.003725,0
1.9099999999999997,0.408,0.003725,0
1.9099999999999997,0.414,0.003725,0
1.9099999999999997,0.42,0.003725,0
1.9099999999999997,0.426,0.003725,0
1.9099999999999997,0.432,0.003725,0
1.9099999999999997,0.43799999999999994,0.003725,0
1.9099999999999997,0.44399999999999995,0.003725,0
1.9099999999999997,0.44999999999999996,0.003725,0
1.9099999999999997,0.45599999999999996,0.003725,0
1.9099999999999997,0.46199999999999997,0.003725,0
1.9099999999999997,0.46799999999999997,0.003725,0
1.9099999999999997,0.474,0.003725,0
1.9099999999999997,0.48,0.003725,0
1.9099999999999997,0.486,0.003725,0
1.9099999999999997,0.492,0.003725,0
1.9099999999999997,0.498,0.003725,0
1.9099999999999997,0.504,0.003725,0
1.9099999999999997,0.51,0.003725,0
1.9099999999999997,0.516,0.003725,0
1.9099999999999997,0.522,0.003725,0
1.9099999999999997,0.528,0.003725,0
1.9099999999999997,0.534,0.003725,0
1.9099999999999997,0.54,0.003725,0
1.9099999999999997,0.5459999999999999,0.003725,0
1.9099999999999997,0.552,0.003725,0
1.9099999999999997,0.558,0.003725,0
1.9099999999999997,0.5640000000000001,0.003725,0
1.9099999999999997,0.5700000000000001,0.003725,0
1.9099999999999997,0.576,0.003725,0
1.9099999999999997,0.582,0.003725,0
1.9099999999999997,0.588,0.003725,0
1.9099999999999997,0.594,0.003725,0
1.936,0.3,NaN,1
1.936,0.306,NaN,1
1.936,0.312,NaN,1
1.936,0.318,NaN,1
1.936,0.324,NaN,1
1.936,0.32999999999999996,NaN,1
1.936,0.33599999999999997,NaN,1
1.936,0.34199999999999997,NaN,1
1.936,0.348,NaN,1
1.936,0.354,NaN,1
1.936,0.36,NaN,1
1.936,0.366,NaN,1
1.936,0.372,NaN,1
1.936,0.378,NaN,1
1.936,0.384,0.003725,0
1.936,0.39,0.003725,0
1.936,0.396,0.003725,0
1.936,0.40199999999999997,0.003725,0
1.936,0.408,0.003725,0
1.936,0.414,0.003725,0
1.936,0.42,0.003725,0
1.936,0.426,0.003725,0
1.936,0.432,0.003725,0
1.936,0.43799999999999994,0.003725,0
1.936,0.44399999999999995,0.003725,0
1.936,0.44999999999999996,0.003725,0
1.936,0.45599999999999996,0.003725,0
1.936,0.46199999999999997,0.003725,0
1.936,0.46799999999999997,0.003725,0
1.936,0.474,0.003725,0
1.936,0.48,0.003725,0
1.936,0.486,0.003725,0
1.936,0.492,0.003725,0
1.936,0.498,0.003725,0
1.936,0.504,0.003725,0
1.936,0.51,0.003725,0
1.936,0.516,0.003725,0
1.936,0.522,0.003725,0
1.936,0.528,0.003725,0
1.936,0.534,0.003725,0
1.936,0.54,0.003725,0
1.936,0.5459999999999999,0.003725,0
1.936,0.552,0.003725,0
1.936,0.558,0.003725,0
1.936,0.5640000000000001,0.003725,0
1.936,0.5700000000000001,0.003725,0
1.936,0.576,0.003725,0
1.936,0.582,0.003725,0
1.936,0.588,0.003725,0
1.936,0.594,0.003725,0
1.9619999999999997,0.3,NaN,1
1.9619999999999997,0.306,NaN,1
1.9619999999999997,0.312,NaN,1
1.9619999999999997,0.318,NaN,1
1.9619999999999997,0.324,NaN,1
1.9619999999999997,0.32999999999999996,NaN,1
1.9619999999999997,0.33599999999999997,NaN,1
1.9619999999999997,0.34199999999999997,NaN,1
1.9619999999999997,0.348,NaN,1
1.9619999999999997,0.354,NaN,1
1.9619999999999997,0.36,NaN,1
1.9619999999999997,0.366,NaN,1
1.9619999999999997,0.372,NaN,1
1.9619999999999997,0.378,0.00365,0
1.9619999999999997,0.384,0.00365,0
1.9619999999999997,0.39,0.00365,0
1.9619999999999997,0.396,0.00365,0
1.9619999999999997,0.40199999999999997,0.00365,0
1.9619999999999997,0.408,0.00365,0
1.9619999999999997,0.414,0.00365,0
1.9619999999999997,0.42,0.00365,0
1.9619999999999997,0.426,0.00365,0
1.9619999999999997,0.432,0.00365,0
1.9619999999999997,0.43799999999999994,0.00365,0
1.9619999999999997,0.44399999999999995,0.00365,0
1.9619999999999997,0.44999999999999996,0.00365,0
1.9619999999999997,0.45599999999999996,0.00365,0
1.9619999999999997,0.46199999999999997,0.00365,0
1.9619999999999997,0.46799999999999997,0.00365,0
1.9619999999999997,0.474,0.00365,0
1.9619999999999997,0.48,0.00365,0
1.9619999999999997,0.486,0.00365,0
1.9619999999999997,0.492,0.00365,0
1.9619999999999997,0.498,0.00365,0
1.9619999999999997,0.504,0.00365,0
1.9619999999999997,0.51,0.00365,0
1.9619999999999997,0.516,0.00365,0
1.9619999999999997,0.522,0.00365,0
1.9619999999999997,0.528,0.00365,0
1.9619999999999997,0.534,0.00365,0
1.9619999999999997,0.54,0.00365,0
1.9619999999999997,0.5459999999999999,0.00365,0
1.9619999999999997,0.552,0.00365,0
1.9619999999999997,0.558,0.00365,0
1.9619999999999997,0.5640000000000001,0.00365,0
1.9619999999999997,0.5700000000000001,0.00365,0
1.9619999999999997,0.576,0.00365,0
1.9619999999999997,0.582,0.00365,0
1.9619999999999997,0.588,0.00365,0
1.9619999999999997,0.594,0.00365,0
1.988,0.3,NaN,1
1.988,0.306,NaN,1
1.988,0.312,NaN,1
1.988,0.318,NaN,1
1.988,0.324,NaN,1
1.988,0.32999999999999996,NaN,1
1.988,0.33599999999999997,NaN,1
1.988,0.34199999999999997,NaN,1
1.988,0.348,NaN,1
1.988,0.354,NaN,1
1.988,0.36,NaN,1
1.988,0.366,NaN,1
1.988,0.372,0.003575,0
1.988,0.378,0.003575,0
1.988,0.384,0.003575,0
1.988,0.39,0.003575,0
1.988,0.396,0.003575,0
1.988,0.40199999999999997,0.003575,0
1.988,0.408,0.003575,0
1.988,0.414,0.003575,0
1.988,0.42,0.003575,0
1.988,0.426,0.003575,0
1.988,0.432,0.003575,0
1.988,0.43799999999999994,0.003575,0
1.988,0.44399999999999995,0.003575,0
1.988,0.44999999999999996,0.003575,0
1.988,0.45599999999999996,0.003575,0
1.988,0.46199999999999997,0.003575,0
1.988,0.46799999999999997,0.003575,0
1.988,0.474,0.003575,0
1.988,0.48,0.003575,0
1.988,0.486,0.003575,0
1.988,0.492,0.003575,0
1.988,0.498,0.003575,0
1.988,0.504,0.003575,0
1.988,0.51,0.003575,0
1.988,0.516,0.003575,0
1.988,0.522,0.003575,0
1.988,0.528,0.003575,0
1.988,0.534,0.003575,0
1.988,0.54,0.003575,0
1.988,0.5459999999999999,0.003575,0
1.988,0.552,0.003575,0
1.988,0.558,0.003575,0
1.988,0.5640000000000001,0.003575,0
1.988,0.5700000000000001,0.003575,0
1.988,0.576,0.003575,0
1.988,0.582,0.003575,0
1.988,0.588,0.003575,0
1.988,0.594,0.003575,0
2.0140000000000002,0.3,NaN,1
2.0140000000000002,0.306,NaN,1
2.0140000000000002,0.312,NaN,1
2.0140000000000002,0.318,NaN,1
2.0140000000000002,0.324,NaN,1
2.0140000000000002,0.32999999999999996,NaN,1
2.0140000000000002,0.33599999999999997,NaN,1
2.0140000000000002,0.34199999999999997,NaN,1
2.0140000000000002,0.348,NaN,1
2.0140000000000002,0.354,NaN,1
2.0140000000000002,0.36,NaN,1
2.0140000000000002,0.366,NaN,1
2.0140000000000002,0.372,0.003575,0
2.0140000000000002,0.378,0.003575,0
2.0140000000000002,0.384,0.003575,0
2.0140000000000002,0.39,0.003575,0
2.0140000000000002,0.396,0.003575,0
2.0140000000000002,0.40199999999999997,0.003575,0
2.0140000000000002,0.408,0.003575,0
2.0140000000000002,0.414,0.003575,0
2.0140000000000002,0.42,0.003575,0
2.0140000000000002,0.426,0.003575,0
2.0140000000000002,0.432,0.003575,0
2.0140000000000002,0.43799999999999994,0.003575,0
2.0140000000000002,0.44399999999999995,0.003575,0
2.0140000000000002,0.44999999999999996,0.003575,0
2.0140000000000002,0.45599999999999996,0.003575,0
2.0140000000000002,0.46199999999999997,0.003575,0
2.0140000000000002,0.46799999999999997,0.003575,0
2.0140000000000002,0.474,0.003575,0
2.0140000000000002,0.48,0.003575,0
2.0140000000000002,0.486,0.003575,0
2.0140000000000002,0.492,0.003575,0
2.0140000000000002,0.498,0.003575,0
2.0140000000000002,0.504,0.003575,0
2.0140000000000002,0.51,0.003575,0
2.0140000000000002,0.516,0.003575,0
2.0140000000000002,0.522,0.003575,0
2.0140000000000002,0.528,0.003575,0
2.0140000000000002,0.534,0.003575,0
2.0140000000000002,0.54,0.003575,0
2.0140000000000002,0.5459999999999999,0.003575,0
2.0140000000000002,0.552,0.003575,0
2.0140000000000002,0.558,0.003575,0
2.0140000000000002,0.5640000000000001,0.003575,0
2.0140000000000002,0.5700000000000001,0.003575,0
2.0140000000000002,0.576,0.003575,0
2.0140000000000002,0.582,0.003575,0
2.0140000000000002,0.588,0.003575,0
2.0140000000000002,0.594,0.003575,0
2.04,0.3,NaN,1
2.04,0.306,NaN,1
2.04,0.312,NaN,1
2.04,0.318,NaN,1
2.04,0.324,NaN,1
2.04,0.32999999999999996,NaN,1
2.04,0.33599999999999997,NaN,1
2.04,0.34199999999999997,NaN,1
2.04,0.348,NaN,1
2.04,0.354,NaN,1
2.04,0.36,NaN,1
2.04,0.366,0.0035,0
2.04,0.372,0.0035,0
2.04,0.378,0.0035,0
2.04,0.384,0.0035,0
2.04,0.39,0.0035,0
2.04,0.396,0.0035,0
2.04,0.40199999999999997,0.0035,0
2.04,0.408,0.0035,0
2.04,0.414,0.0035,0
2.04,0.42,0.0035,0
2.04,0.426,0.0035,0
2.04,0.432,0.0035,0
2.04,0.43799999999999994,0.0035,0
2.04,0.44399999999999995,0.0035,0
2.04,0.44999999999999996,0.0035,0
2.04,0.45599999999999996,0.0035,0
2.04,0.46199999999999997,0.0035,0
2.04,0.46799999999999997,0.0035,0
2.04,0.474,0.0035,0
2.04,0.48,0.0035,0
2.04,0.486,0.0035,0
2.04,0.492,0.0035,0
2.04,0.498,0.0035,0
2.04,0.504,0.0035,0
2.04,0.51,0.0035,0
2.04,0.516,0.0035,0
2.04,0.522,0.0035,0
2.04,0.528,0.0035,0
2.04,0.534,0.0035,0
2.04,0.54,0.0035,0
2.04,0.5459999999999999,0.0035,0
2.04,0.552,0.0035,0
2.04,0.558,0.0035,0
2.04,0.5640000000000001,0.0035,0
2.04,0.5700000000000001,0.0035,0
2.04,0.576,0.0035,0
2.04,0.582,0.0035,0
2.04,0.588,0.0035,0
2.04,0.594,0.0035,0
2.066,0.3,NaN,1
2.066,0.306,NaN,1
2.066,0.312,NaN,1
2.066,0.318,NaN,1
2.066,0.324,NaN,1
2.066,0.32999999999999996,NaN,1
2.066,0.33599999999999997,NaN,1
2.066,0.34199999999999997,NaN,1
2.066,0.348,NaN,1
2.066,0.354,NaN,1
2.066,0.36,0.0035,0
2.066,0.366,0.0035,0
2.066,0.372,0.0035,0
2.066,0.378,0.0035,0
2.066,0.384,0.0035,0
2.066,0.39,0.0035,0
2.066,0.396,0.0035,0
2.066,0.40199999999999997,0.0035,0
2.066,0.408,0.0035,0
2.066,0.414,0.0035,0
2.066,0.42,0.0035,0
2.066,0.426,0.0035,0
2.066,0.432,0.0035,0
2.066,0.43799999999999994,0.0035,0
2.066,0.44399999999999995,0.0035,0
2.066,0.44999999999999996,0.0035,0
2.066,0.45599999999999996,0.0035,0
2.066,0.46199999999999997,0.0035,0
2.066,0.46799999999999997,0.0035,0
2.066,0.474,0.0035,0
2.066,0.48,0.0035,0
2.066,0.486,0.0035,0
2.066,0.492,0.0035,0
2.066,0.498,0.0035,0
2.066,0.504,0.0035,0
2.066,0.51,0.0035,0
2.066,0.516,0.0035,0
2.066,0.522,0.0035,0
2.066,0.528,0.0035,0
2.066,0.534,0.0035,0
2.066,0.54,0.0035,0
2.066,0.5459999999999999,0.0035,0
2.066,0.552,0.0035,0
2.066,0.558,0.0035,0
2.066,0.5640000000000001,0.0035,0
2.066,0.5700000000000001,0.0035,0
2.066,0.576,0.0035,0
2.066,0.582,0.0035,0
2.066,0.588,0.0035,0
2.066,0.594,0.0035,0
2.0919999999999996,0.3,NaN,1
2.0919999999999996,0.306,NaN,1
2.0919999999999996,0.312,NaN,1
2.0919999999999996,0.318,NaN,1
2.0919999999999996,0.324,NaN,1
2.0919999999999996,0.32999999999999996,NaN,1
2.0919999999999996,0.33599999999999997,NaN,1
2.0919999999999996,0.34199999999999997,NaN,1
2.0919999999999996,0.348,NaN,1
2.0919999999999996,0.354,0.0034249999999999997,0
2.0919999999999996,0.36,0.0034249999999999997,0
2.0919999999999996,0.366,0.0034249999999999997,0
2.0919999999999996,0.372,0.0034249999999999997,0
2.0919999999999996,0.378,0.0034249999999999997,0
2.0919999999999996,0.384,0.0034249999999999997,0
2.0919999999999996,0.39,0.0034249999999999997,0
2.0919999999999996,0.396,0.0034249999999999997,0
2.0919999999999996,0.40199999999999997,0.0034249999999999997,0
2.0919999999999996,0.408,0.0034249999999999997,0
2.0919999999999996,0.414,0.0034249999999999997,0
2.0919999999999996,0.42,0.0034249999999999997,0
2.0919999999999996,0.426,0.0034249999999999997,0
2.0919999999999996,0.432,0.0034249999999999997,0
2.0919999999999996,0.43799999999999994,0.0034249999999999997,0
2.0919999999999996,0.44399999999999995,0.0034249999999999997,0
2.0919999999999996,0.44999999999999996,0.0034249999999999997,0
2.0919999999999996,0.45599999999999996,0.0034249999999999997,0
2.0919999999999996,0.46199999999999997,0.0034249999999999997,0
2.0919999999999996,0.46799999999999997,0.0034249999999999997,0
2.0919999999999996,0.474,0.0034249999999999997,0
2.0919999999999996,0.48,0.0034249999999999997,0
2.0919999999999996,0.486,0.0034249999999999997,0
2.0919999999999996,0.492,0.0034249999999999997,0
2.0919999999999996,0.498,0.0034249999999999997,0
2.0919999999999996,0.504,0.0034249999999999997,0
2.0919999999999996,0.51,0.0034249999999999997,0
2.0919999999999996,0.516,0.0034249999999999997,0
2.0919999999999996,0.522,0.0034249999999999997,0
2.0919999999999996,0.528,0.0034249999999999997,0
2.0919999999999996,0.534,0.0034249999999999997,0
2.0919999999999996,0.54,0.0034249999999999997,0
2.0919999999999996,0.5459999999999999,0.0034249999999999997,0
2.0919999999999996,0.552,0.0034249999999999997,0
2.0919999999999996,0.558,0.0034249999999999997,0
2.0919999999999996,0.5640000000000001,0.0034249999999999997,0
2.0919999999999996,0.5700000000000001,0.0034249999999999997,0
2.0919999999999996,0.576,0.0034249999999999997,0
2.0919999999999996,0.582,0.0034249999999999997,0
2.0919999999999996,0.588,0.0034249999999999997,0
2.0919999999999996,0.594,0.0034249999999999997,0
2.118,0.3,NaN,1
2.118,0.306,NaN,1
2.118,0.312,NaN,1
2.118,0.318,NaN,1
2.118,0.324,NaN,1
2.118,0.32999999999999996,NaN,1
2.118,0.33599999999999997,NaN,1
2.118,0.34199999999999997,NaN,1
2.118,0.348,NaN,1
2.118,0.354,0.0033499999999999997,0
2.118,0.36,0.0033499999999999997,0
2.118,0.366,0.0033499999999999997,0
2.118,0.372,0.0033499999999999997,0
2.118,0.378,0.0033499999999999997,0
2.118,0.384,0.0033499999999999997,0
2.118,0.39,0.0033499999999999997,0
2.118,0.396,0.0033499999999999997,0
2.118,0.40199999999999997,0.0033499999999999997,0
2.118,0.408,0.0033499999999999997,0
2.118,0.414,0.0033499999999999997,0
2.118,0.42,0.0033499999999999997,0
2.118,0.426,0.0033499999999999997,0
2.118,0.432,0.0033499999999999997,0
2.118,0.43799999999999994,0.0033499999999999997,0
2.118,0.44399999999999995,0.0033499999999999997,0
2.118,0.44999999999999996,0.0033499999999999997,0
2.118,0.45599999999999996,0.0033499999999999997,0
2.118,0.46199999999999997,0.0033499999999999997,0
2.118,0.46799999999999997,0.0033499999999999997,0
2.118,0.474,0.0033499999999999997,0
2.118,0.48,0.0033499999999999997,0
2.118,0.486,0.0033499999999999997,0
2.118,0.492,0.0033499999999999997,0
2.118,0.498,0.0033499999999999997,0
2.118,0.504,0.0033499999999999997,0
2.118,0.51,0.0033499999999999997,0
2.118,0.516,0.0033499999999999997,0
2.118,0.522,0.0033499999999999997,0
2.118,0.528,0.0033499999999999997,0
2.118,0.534,0.0033499999999999997,0
2.118,0.54,0.0033499999999999997,0
2.118,0.5459999999999999,0.0033499999999999997,0
2.118,0.552,0.0033499999999999997,0
2.118,0.558,0.0033499999999999997,0
2.118,0.5640000000000001,0.0033499999999999997,0
2.118,0.5700000000000001,0.0033499999999999997,0
2.118,0.576,0.0033499999999999997,0
2.118,0.582,0.0033499999999999997,0
2.118,0.588,0.0033499999999999997,0
2.118,0.594,0.0033499999999999997,0
2.1439999999999997,0.3,NaN,1
2.1439999999999997,0.306,NaN,1
2.1439999999999997,0.312,NaN,1
2.1439999999999997,0.318,NaN,1
2.1439999999999997,0.324,NaN,1
2.1439999999999997,0.32999999999999996,NaN,1
2.1439999999999997,0.33599999999999997,NaN,1
2.1439999999999997,0.34199999999999997,NaN,1
2.1439999999999997,0.348,0.0033499999999999997,0
2.1439999999999997,0.354,0.0033499999999999997,0
2.1439999999999997,0.36,0.0033499999999999997,0
2.1439999999999997,0.366,0.0033499999999999997,0
2.1439999999999997,0.372,0.0033499999999999997,0
2.1439999999999997,0.378,0.0033499999999999997,0
2.1439999999999997,0.384,0.0033499999999999997,0
2.1439999999999997,0.39,0.0033499999999999997,0
2.1439999999999997,0.396,0.0033499999999999997,0
2.1439999999999997,0.40199999999999997,0.0033499999999999997,0
2.1439999999999997,0.408,0.0033499999999999997,0
2.1439999999999997,0.414,0.0033499999999999997,0
2.1439999999999997,0.42,0.0033499999999999997,0
2.1439999999999997,0.426,0.0033499999999999997,0
2.1439999999999997,0.432,0.0033499999999999997,0
2.1439999999999997,0.43799999999999994,0.0033499999999999997,0
2.1439999999999997,0.44399999999999995,0.0033499999999999997,0
2.1439999999999997,0.44999999999999996,0.0033499999999999997,0
2.1439999999999997,0.45599999999999996,0.0033499999999999997,0
2.1439999999999997,0.46199999999999997,0.0033499999999999997,0
2.1439999999999997,0.46799999999999997,0.0033499999999999997,0
2.1439999999999997,0.474,0.0033499999999999997,0
2.1439999999999997,0.48,0.0033499999999999997,0
2.1439999999999997,0.486,0.0033499999999999997,0
2.1439999999999997,0.492,0.0033499999999999997,0
2.1439999999999997,0.498,0.0033499999999999997,0
2.1439999999999997,0.504,0.0033499999999999997,0
2.1439999999999997,0.51,0.0033499999999999997,0
2.1439999999999997,0.516,0.0033499999999999997,0
2.1439999999999997,0.522,0.0033499999999999997,0
2.1439999999999997,0.528,0.0033499999999999997,0
2.1439999999999997,0.534,0.0033499999999999997,0
2.1439999999999997,0.54,0.0033499999999999997,0
2.1439999999999997,0.5459999999999999,0.0033499999999999997,0
2.1439999999999997,0.552,0.0033499999999999997,0
2.1439999999999997,0.558,0.0033499999999999997,0
2.1439999999999997,0.5640000000000001,0.0033499999999999997,0
2.1439999999999997,0.5700000000000001,0.0033499999999999997,0
2.1439999999999997,0.576,0.0033499999999999997,0
2.1439999999999997,0.582,0.0033499999999999997,0
2.1439999999999997,0.588,0.0033499999999999997,0
2.1439999999999997,0.594,0.0033499999999999997,0
2.17,0.3,NaN,1
2.17,0.306,NaN,1
2.17,0.312,NaN,1
2.17,0.318,NaN,1
2.17,0.324,NaN,1
2.17,0.32999999999999996,NaN,1
2.17,0.33599999999999997,NaN,1
2.17,0.34199999999999997,0.0032749999999999997,0
2.17,0.348,0.0032749999999999997,0
2.17,0.354,0.0032749999999999997,0
2.17,0.36,0.0032749999999999997,0
2.17,0.366,0.0032749999999999997,0
2.17,0.372,0.0032749999999999997,0
2.17,0.378,0.0032749999999999997,0
2.17,0.384,0.0032749999999999997,0
2.17,0.39,0.0032749999999999997,0
2.17,0.396,0.0032749999999999997,0
2.17,0.40199999999999997,0.0032749999999999997,0
2.17,0.408,0.0032749999999999997,0
2.17,0.414,0.0032749999999999997,0
2.17,0.42,0.0032749999999999997,0
2.17,0.426,0.0032749999999999997,0
2.17,0.432,0.0032749999999999997,0
2.17,0.43799999999999994,0.0032749999999999997,0
2.17,0.44399999999999995,0.0032749999999999997,0
2.17,0.44999999999999996,0.0032749999999999997,0
2.17,0.45599999999999996,0.0032749999999999997,0
2.17,0.46199999999999997,0.0032749999999999997,0
2.17,0.46799999999999997,0.0032749999999999997,0
2.17,0.474,0.0032749999999999997,0
2.17,0.48,0.0032749999999999997,0
2.17,0.486,0.0032749999999999997,0
2.17,0.492,0.0032749999999999997,0
2.17,0.498,0.0032749999999999997,0
2.17,0.504,0.0032749999999999997,0
2.17,0.51,0.0032749999999999997,0
2.17,0.516,0.0032749999999999997,0
2.17,0.522,0.0032749999999999997,0
2.17,0.528,0.0032749999999999997,0
2.17,0.534,0.0032749999999999997,0
2.17,0.54,0.0032749999999999997,0
2.17,0.5459999999999999,0.0032749999999999997,0
2.17,0.552,0.0032749999999999997,0
2.17,0.558,0.0032749999999999997,0
2.17,0.5640000000000001,0.0032749999999999997,0
2.17,0.5700000000000001,0.0032749999999999997,0
2.17,0.576,0.0032749999999999997,0
2.17,0.582,0.0032749999999999997,0
2.17,0.588,0.0032749999999999997,0
2.17,0.594,0.0032749999999999997,0
2.1959999999999997,0.3,NaN,1
2.1959999999999997,0.306,NaN,1
2.1959999999999997,0.312,NaN,1
2.1959999999999997,0.318,NaN,1
2.1959999999999997,0.324,NaN,1
2.1959999999999997,0.32999999999999996,NaN,1
2.1959999999999997,0.33599999999999997,NaN,1
2.1959999999999997,0.34199999999999997,0.0032749999999999997,0
2.1959999999999997,0.348,0.0032749999999999997,0
2.1959999999999997,0.354,0.0032749999999999997,0
2.1959999999999997,0.36,0.0032749999999999997,0
2.1959999999999997,0.366,0.0032749999999999997,0
2.1959999999999997,0.372,0.0032749999999999997,0
2.1959999999999997,0.378,0.0032749999999999997,0
2.1959999999999997,0.384,0.0032749999999999997,0
2.1959999999999997,0.39,0.0032749999999999997,0
2.1959999999999997,0.396,0.0032749999999999997,0
2.1959999999999997,0.40199999999999997,0.0032749999999999997,0
2.1959999999999997,0.408,0.0032749999999999997,0
2.1959999999999997,0.414,0.0032749999999999997,0
2.1959999999999997,0.42,0.0032749999999999997,0
2.1959999999999997,0.426,0.0032749999999999997,0
2.1959999999999997,0.432,0.0032749999999999997,0
2.1959999999999997,0.43799999999999994,0.0032749999999999997,0
2.1959999999999997,0.44399999999999995,0.0032749999999999997,0
2.1959999999999997,0.44999999999999996,0.0032749999999999997,0
2.1959999999999997,0.45599999999999996,0.0032749999999999997,0
2.1959999999999997,0.46199999999999997,0.0032749999999999997,0
2.1959999999999997,0.46799999999999997,0.0032749999999999997,0
2.1959999999999997,0.474,0.0032749999999999997,0
2.1959999999999997,0.48,0.0032749999999999997,0
2.1959999999999997,0.486,0.0032749999999999997,0
2.1959999999999997,0.492,0.0032749999999999997,0
2.1959999999999997,0.498,0.0032749999999999997,0
2.1959999999999997,0.504,0.0032749999999999997,0
2.1959999999999997,0.51,0.0032749999999999997,0
2.1959999999999997,0.516,0.0032749999999999997,0
2.1959999999999997,0.522,0.0032749999999999997,0
2.1959999999999997,0.528,0.0032749999999999997,0
2.1959999999999997,0.534,0.0032749999999999997,0
2.1959999999999997,0.54,0.0032749999999999997,0
2.1959999999999997,0.5459999999999999,0.0032749999999999997,0
2.1959999999999997,0.552,0.0032749999999999997,0
2.1959999999999997,0.558,0.0032749999999999997,0
2.1959999999999997,0.5640000000000001,0.0032749999999999997,0
2.1959999999999997,0.5700000000000001,0.0032749999999999997,0
2.1959999999999997,0.576,0.0032749999999999997,0
2.1959999999999997,0.582,0.0032749999999999997,0
2.1959999999999997,0.588,0.0032749999999999997,0
2.1959999999999997,0.594,0.0032749999999999997,0
2.222,0.3,NaN,1
2.222,0.306,NaN,1
2.222,0.312,NaN,1
2.222,0.318,NaN,1
2.222,0.324,NaN,1
2.222,0.32999999999999996,NaN,1
2.222,0.33599999999999997,0.0032,0
2.222,0.34199999999999997,0.0032,0
2.222,0.348,0.0032,0
2.222,0.354,0.0032,0
2.222,0.36,0.0032,0
2.222,0.366,0.0032,0
2.222,0.372,0.0032,0
2.222,0.378,0.0032,0
2.222,0.384,0.0032,0
2.222,0.39,0.0032,0
2.222,0.396,0.0032,0
2.222,0.40199999999999997,0.0032,0
2.222,0.408,0.0032,0
2.222,0.414,0.0032,0
2.222,0.42,0.0032,0
2.222,0.426,0.0032,0
2.222,0.432,0.0032,0
2.222,0.43799999999999994,0.0032,0
2.222,0.44399999999999995,0.0032,0
2.222,0.44999999999999996,0.0032,0
2.222,0.45599999999999996,0.0032,0
2.222,0.46199999999999997,0.0032,0
2.222,0.46799999999999997,0.0032,0
2.222,0.474,0.0032,0
2.222,0.48,0.0032,0
2.222,0.486,0.0032,0
2.222,0.492,0.0032,0
2.222,0.498,0.0032,0
2.222,0.504,0.0032,0
2.222,0.51,0.0032,0
2.222,0.516,0.0032,0
2.222,0.522,0.0032,0
2.222,0.528,0.0032,0
2.222,0.534,0.0032,0
2.222,0.54,0.0032,0
2.222,0.5459999999999999,0.0032,0
2.222,0.552,0.0032,0
2.222,0.558,0.0032,0
2.222,0.5640000000000001,0.0032,0
2.222,0.5700000000000001,0.0032,0
2.222,0.576,0.0032,0
2.222,0.582,0.0032,0
2.222,0.588,0.0032,0
2.222,0.594,0.0032,0
2.2479999999999998,0.3,NaN,1
2.2479999999999998,0.306,NaN,1
2.2479999999999998,0.312,NaN,1
2.2479999999999998,0.318,NaN,1
2.2479999999999998,0.324,NaN,1
2.2479999999999998,0.32999999999999996,0.0032,0
2.2479999999999998,0.33599999999999997,0.0032,0
2.2479999999999998,0.34199999999999997,0.0032,0
2.2479999999999998,0.348,0.0032,0
2.2479999999999998,0.354,0.0032,0
2.2479999999999998,0.36,0.0032,0
2.2479999999999998,0.366,0.0032,0
2.2479999999999998,0.372,0.0032,0
2.2479999999999998,0.378,0.0032,0
2.2479999999999998,0.384,0.0032,0
2.2479999999999998,0.39,0.0032,0
2.2479999999999998,0.396,0.0032,0
2.2479999999999998,0.40199999999999997,0.0032,0
2.2479999999999998,0.408,0.0032,0
2.2479999999999998,0.414,0.0032,0
2.2479999999999998,0.42,0.0032,0
2.2479999999999998,0.426,0.0032,0
2.2479999999999998,0.432,0.0032,0
2.2479999999999998,0.43799999999999994,0.0032,0
2.2479999999999998,0.44399999999999995,0.0032,0
2.2479999999999998,0.44999999999999996,0.0032,0
2.2479999999999998,0.45599999999999996,0.0032,0
2.2479999999999998,0.46199999999999997,0.0032,0
2.2479999999999998,0.46799999999999997,0.0032,0
2.2479999999999998,0.474,0.0032,0
2.2479999999999998,0.48,0.0032,0
2.2479999999999998,0.486,0.0032,0
2.2479999999999998,0.492,0.0032,0
2.2479999999999998,0.498,0.0032,0
2.2479999999999998,0.504,0.0032,0
2.2479999999999998,0.51,0.0032,0
2.2479999999999998,0.516,0.0032,0
2.2479999999999998,0.522,0.0032,0
2.2479999999999998,0.528,0.0032,0
2.2479999999999998,0.534,0.0032,0
2.2479999999999998,0.54,0.0032,0
2.2479999999999998,0.5459999999999999,0.0032,0
2.2479999999999998,0.552,0.0032,0
2.2479999999999998,0.558,0.0032,0
2.2479999999999998,0.5640000000000001,0.0032,0
2.2479999999999998,0.5700000000000001,0.0032,0
2.2479999999999998,0.576,0.0032,0
2.2479999999999998,0.582,0.0032,0
2.2479999999999998,0.588,0.0032,0
2.2479999999999998,0.594,0.0032,0
2.274,0.3,NaN,1
2.274,0.306,NaN,1
2.274,0.312,NaN,1
2.274,0.318,NaN,1
2.274,0.324,NaN,1
2.274,0.32999999999999996,0.003125,0
2.274,0.33599999999999997,0.003125,0
2.274,0.34199999999999997,0.003125,0
2.274,0.348,0.003125,0
2.274,0.354,0.003125,0
2.274,0.36,0.003125,0
2.274,0.366,0.003125,0
2.274,0.372,0.003125,0
2.274,0.378,0.003125,0
2.274,0.384,0.003125,0
2.274,0.39,0.003125,0
2.274,0.396,0.003125,0
2.274,0.40199999999999997,0.003125,0
2.274,0.408,0.003125,0
2.274,0.414,0.003125,0
2.274,0.42,0.003125,0
2.274,0.426,0.003125,0
2.274,0.432,0.003125,0
2.274,0.43799999999999994,0.003125,0
2.274,0.44399999999999995,0.003125,0
2.274,0.44999999999999996,0.003125,0
2.274,0.45599999999999996,0.003125,0
2.274,0.46199999999999997,0.003125,0
2.274,0.46799999999999997,0.003125,0
2.274,0.474,0.003125,0
2.274,0.48,0.003125,0
2.274,0.486,0.003125,0
2.274,0.492,0.003125,0
2.274,0.498,0.003125,0
2.274,0.504,0.003125,0
2.274,0.51,0.003125,0
2.274,0.516,0.003125,0
2.274,0.522,0.003125,0
2.274,0.528,0.003125,0
2.274,0.534,0.003125,0
2.274,0.54,0.003125,0
2.274,0.5459999999999999,0.003125,0
2.274,0.552,0.003125,0
2.274,0.558,0.003125,0
2.274,0.5640000000000001,0.003125,0
2.274,0.5700000000000001,0.003125,0
2.274,0.576,0.003125,0
2.274,0.582,0.003125,0
2.274,0.588,0.003125,0
2.274,0.594,0.003125,0