2,0.25,NaN,2
2,0.252,NaN,2
2,0.254,NaN,2
2,0.256,NaN,2
2,0.258,NaN,2
2,0.26,NaN,2
2,0.262,NaN,2
2,0.264,NaN,2
2,0.266,NaN,2
2,0.268,NaN,2
2,0.27,NaN,2
2,0.272,NaN,2
2,0.274,NaN,2
2,0.276,NaN,2
2,0.27799999999999997,NaN,2
2,0.27999999999999997,NaN,2
2,0.282,NaN,2
2,0.284,NaN,2
2,0.286,NaN,2
2,0.288,NaN,2
2,0.29,NaN,2
2,0.292,NaN,2
2,0.294,NaN,2
2,0.296,NaN,2
2,0.298,NaN,2
2,0.3,NaN,2
2,0.302,NaN,2
2,0.304,NaN,2
2,0.306,NaN,2
2,0.308,NaN,2
2,0.31,NaN,2
2,0.312,NaN,2
2,0.314,NaN,2
2,0.316,NaN,2
2,0.318,NaN,2
2,0.31999999999999995,NaN,2
2,0.32199999999999995,NaN,2
2,0.32399999999999995,NaN,2
2,0.32599999999999996,NaN,2
2,0.32799999999999996,NaN,2
2,0.32999999999999996,NaN,2
2,0.33199999999999996,NaN,2
2,0.33399999999999996,NaN,2
2,0.33599999999999997,NaN,2
2,0.33799999999999997,NaN,2
2,0.33999999999999997,NaN,2
2,0.34199999999999997,NaN,2
2,0.344,NaN,2
2,0.346,NaN,2
2,0.348,NaN,2
2.01,0.25,NaN,2
2.01,0.252,NaN,2
2.01,0.254,NaN,2
2.01,0.256,NaN,2
2.01,0.258,NaN,2
2.01,0.26,NaN,2
2.01,0.262,NaN,2
2.01,0.264,NaN,2
2.01,0.266,NaN,2
2.01,0.268,NaN,2
2.01,0.27,NaN,2
2.01,0.272,NaN,2
2.01,0.274,NaN,2
2.01,0.276,NaN,2
2.01,0.27799999999999997,NaN,2
2.01,0.27999999999999997,NaN,2
2.01,0.282,NaN,2
2.01,0.284,NaN,2
2.01,0.286,NaN,2
2.01,0.288,NaN,2
2.01,0.29,NaN,2
2.01,0.292,NaN,2
2.01,0.294,NaN,2
2.01,0.296,NaN,2
2.01,0.298,NaN,2
2.01,0.3,NaN,2
2.01,0.302,NaN,2
2.01,0.304,NaN,2
2.01,0.306,NaN,2
2.01,0.308,NaN,2
2.01,0.31,NaN,2
2.01,0.312,NaN,2
2.01,0.314,NaN,2
2.01,0.316,NaN,2
2.01,0.318,NaN,2
2.01,0.31999999999999995,NaN,2
2.01,0.32199999999999995,NaN,2
2.01,0.32399999999999995,NaN,2
2.01,0.32599999999999996,NaN,2
2.01,0.32799999999999996,NaN,2
2.01,0.32999999999999996,NaN,2
2.01,0.33199999999999996,NaN,2
2.01,0.33399999999999996,NaN,2
2.01,0.33599999999999997,NaN,2
2.01,0.33799999999999997,NaN,2
2.01,0.33999999999999997,NaN,2
2.01,0.34199999999999997,NaN,2
2.01,0.344,NaN,2
2.01,0.346,NaN,2
2.01,0.348,NaN,2
2.02,0.25,NaN,2
2.02,0.252,NaN,2
2.02,0.254,NaN,2
2.02,0.256,NaN,2
2.02,0.258,NaN,2
2.02,0.26,NaN,2
2.02,0.262,NaN,2
2.02,0.264,NaN,2
2.02,0.266,NaN,2
2.02,0.268,NaN,2
2.02,0.27,NaN,2
2.02,0.272,NaN,2
2.02,0.274,NaN,2
2.02,0.276,NaN,2
2.02,0.27799999999999997,NaN,2
2.02,0.27999999999999997,NaN,2
2.02,0.282,NaN,2
2.02,0.284,NaN,2
2.02,0.286,NaN,2
2.02,0.288,NaN,2
2.02,0.29,NaN,2
2.02,0.292,NaN,2
2.02,0.294,NaN,2
2.02,0.296,NaN,2
2.02,0.298,NaN,2
2.02,0.3,NaN,2
2.02,0.302,NaN,2
2.02,0.304,NaN,2
2.02,0.306,NaN,2
2.02,0.308,NaN,2
2.02,0.31,NaN,2
2.02,0.312,NaN,2
2.02,0.314,NaN,2
2.02,0.316,NaN,2
2.02,0.318,NaN,2
2.02,0.31999999999999995,NaN,2
2.02,0.32199999999999995,NaN,2
2.02,0.32399999999999995,NaN,2
2.02,0.32599999999999996,NaN,2
2.02,0.32799999999999996,NaN,2
2.02,0.32999999999999996,NaN,2
2.02,0.33199999999999996,NaN,2
2.02,0.33399999999999996,NaN,2
2.02,0.33599999999999997,NaN,2
2.02,0.33799999999999997,NaN,2
2.02,0.33999999999999997,NaN,2
2.02,0.34199999999999997,NaN,2
2.02,0.344,NaN,2
2.02,0.346,NaN,2
2.02,0.348,NaN,2
2.03,0.25,NaN,2
2.03,0.252,NaN,2
2.03,0.254,NaN,2
2.03,0.256,NaN,2
2.03,0.258,NaN,2
2.03,0.26,NaN,2
2.03,0.262,NaN,2
2.03,0.264,NaN,2
2.03,0.266,NaN,2
2.03,0.268,NaN,2
2.03,0.27,NaN,2
2.03,0.272,NaN,2
2.03,0.274,NaN,2
2.03,0.276,NaN,2
2.03,0.27799999999999997,NaN,2
2.03,0.27999999999999997,NaN,2
2.03,0.282,NaN,2
2.03,0.284,NaN,2
2.03,0.286,NaN,2
2.03,0.288,NaN,2
2.03,0.29,NaN,2
2.03,0.292,NaN,2
2.03,0.294,NaN,2
2.03,0.296,NaN,2
2.03,0.298,NaN,2
2.03,0.3,NaN,2
2.03,0.302,NaN,2
2.03,0.304,NaN,2
2.03,0.306,NaN,2
2.03,0.308,NaN,2
2.03,0.31,NaN,2
2.03,0.312,NaN,2
2.03,0.314,NaN,2
2.03,0.316,NaN,2
2.03,0.318,NaN,2
2.03,0.31999999999999995,NaN,2
2.03,0.32199999999999995,NaN,2
2.03,0.32399999999999995,NaN,2
2.03,0.32599999999999996,NaN,2
2.03,0.32799999999999996,NaN,2
2.03,0.32999999999999996,NaN,2
2.03,0.33199999999999996,NaN,2
2.03,0.33399999999999996,NaN,2
2.03,0.33599999999999997,NaN,2
2.03,0.33799999999999997,NaN,2
2.03,0.33999999999999997,NaN,2
2.03,0.34199999999999997,NaN,2
2.03,0.344,NaN,2
2.03,0.346,NaN,2
2.03,0.348,NaN,2
2.04,0.25,NaN,2
2.04,0.252,NaN,2
2.04,0.254,NaN,2
2.04,0.256,NaN,2
2.04,0.258,NaN,2
2.04,0.26,NaN,2
2.04,0.262,NaN,2
2.04,0.264,NaN,2
2.04,0.266,NaN,2
2.04,0.268,NaN,2
2.04,0.27,NaN,2
2.04,0.272,NaN,2
2.04,0.274,NaN,2
2.04,0.276,NaN,2
2.04,0.27799999999999997,NaN,2
2.04,0.27999999999999997,NaN,2
2.04,0.282,NaN,2
2.04,0.284,NaN,2
2.04,0.286,NaN,2
2.04,0.288,NaN,2
2.04,0.29,NaN,2
2.04,0.292,NaN,2
2.04,0.294,NaN,2
2.04,0.296,NaN,2
2.04,0.298,NaN,2
2.04,0.3,NaN,2
2.04,0.302,NaN,2
2.04,0.304,NaN,2
2.04,0.306,NaN,2
2.04,0.308,NaN,2
2.04,0.31,NaN,2
2.04,0.312,NaN,2
2.04,0.314,NaN,2
2.04,0.316,NaN,2
2.04,0.318,NaN,2
2.04,0.31999999999999995,NaN,2
2.04,0.32199999999999995,NaN,2
2.04,0.32399999999999995,NaN,2
2.04,0.32599999999999996,NaN,2
2.04,0.32799999999999996,NaN,2
2.04,0.32999999999999996,NaN,2
2.04,0.33199999999999996,NaN,2
2.04,0.33399999999999996,NaN,2
2.04,0.33599999999999997,NaN,2
2.04,0.33799999999999997,NaN,2
2.04,0.33999999999999997,NaN,2
2.04,0.34199999999999997,NaN,2
2.04,0.344,NaN,2
2.04,0.346,NaN,2
2.04,0.348,NaN,2
2.05,0.25,NaN,2
2.05,0.252,NaN,2
2.05,0.254,NaN,2
2.05,0.256,NaN,2
2.05,0.258,NaN,2
2.05,0.26,NaN,2
2.05,0.262,NaN,2
2.05,0.264,NaN,2
2.05,0.266,NaN,2
2.05,0.268,NaN,2
2.05,0.27,NaN,2
2.05,0.272,NaN,2
2.05,0.274,NaN,2
2.05,0.276,NaN,2
2.05,0.27799999999999997,NaN,2
2.05,0.27999999999999997,NaN,2
2.05,0.282,NaN,2
2.05,0.284,NaN,2
2.05,0.286,NaN,2
2.05,0.288,NaN,2
2.05,0.29,NaN,2
2.05,0.292,NaN,2
2.05,0.294,NaN,2
2.05,0.296,NaN,2
2.05,0.298,NaN,2
2.05,0.3,NaN,2
2.05,0.302,NaN,2
2.05,0.304,NaN,2
2.05,0.306,NaN,2
2.05,0.308,NaN,2
2.05,0.31,NaN,2
2.05,0.312,NaN,2
2.05,0.314,NaN,2
2.05,0.316,NaN,2
2.05,0.318,NaN,2
2.05,0.31999999999999995,NaN,2
2.05,0.32199999999999995,NaN,2
2.05,0.32399999999999995,NaN,2
2.05,0.32599999999999996,NaN,2
2.05,0.32799999999999996,NaN,2
2.05,0.32999999999999996,NaN,2
2.05,0.33199999999999996,NaN,2
2.05,0.33399999999999996,NaN,2
2.05,0.33599999999999997,NaN,2
2.05,0.33799999999999997,NaN,2
2.05,0.33999999999999997,NaN,2
2.05,0.34199999999999997,NaN,2
2.05,0.344,NaN,2
2.05,0.346,NaN,2
2.05,0.348,NaN,2
2.06,0.25,NaN,2
2.06,0.252,NaN,2
2.06,0.254,NaN,2
2.06,0.256,NaN,2
2.06,0.258,NaN,2
2.06,0.26,NaN,2
2.06,0.262,NaN,2
2.06,0.264,NaN,2
2.06,0.266,NaN,2
2.06,0.268,NaN,2
2.06,0.27,NaN,2
2.06,0.272,NaN,2
2.06,0.274,NaN,2
2.06,0.276,NaN,2
2.06,0.27799999999999997,NaN,2
2.06,0.27999999999999997,NaN,2
2.06,0.282,NaN,2
2.06,0.284,NaN,2
2.06,0.286,NaN,2
2.06,0.288,NaN,2
2.06,0.29,NaN,2
2.06,0.292,NaN,2
2.06,0.294,NaN,2
2.06,0.296,NaN,2
2.06,0.298,NaN,2
2.06,0.3,NaN,2
2.06,0.302,NaN,2
2.06,0.304,NaN,2
2.06,0.306,NaN,2
2.06,0.308,NaN,2
2.06,0.31,NaN,2
2.06,0.312,NaN,2
2.06,0.314,NaN,2
2.06,0.316,NaN,2
2.06,0.318,NaN,2
2.06,0.31999999999999995,NaN,2
2.06,0.32199999999999995,NaN,2
2.06,0.32399999999999995,NaN,2
2.06,0.32599999999999996,NaN,2
2.06,0.32799999999999996,NaN,2
2.06,0.32999999999999996,NaN,2
2.06,0.33199999999999996,NaN,2
2.06,0.33399999999999996,NaN,2
2.06,0.33599999999999997,NaN,2
2.06,0.33799999999999997,NaN,2
2.06,0.33999999999999997,NaN,2
2.06,0.34199999999999997,NaN,2
2.06,0.344,NaN,2
2.06,0.346,NaN,2
2.06,0.348,NaN,2
2.07,0.25,NaN,2
2.07,0.252,NaN,2
2.07,0.254,NaN,2
2.07,0.256,NaN,2
2.07,0.258,NaN,2
2.07,0.26,NaN,2
2.07,0.262,NaN,2
2.07,0.264,NaN,2
2.07,0.266,NaN,2
2.07,0.268,NaN,2
2.07,0.27,NaN,2
2.07,0.272,NaN,2
2.07,0.274,NaN,2
2.07,0.276,NaN,2
2.07,0.27799999999999997,NaN,2
2.07,0.27999999999999997,NaN,2
2.07,0.282,NaN,2
2.07,0.284,NaN,2
2.07,0.286,NaN,2
2.07,0.288,NaN,2
2.07,0.29,NaN,2
2.07,0.292,NaN,2
2.07,0.294,NaN,2
2.07,0.296,NaN,2
2.07,0.298,NaN,2
2.07,0.3,NaN,2
2.07,0.302,NaN,2
2.07,0.304,NaN,2
2.07,0.306,NaN,2
2.07,0.308,NaN,2
2.07,0.31,NaN,2
2.07,0.312,NaN,2
2.07,0.314,NaN,2
2.07,0.316,NaN,2
2.07,0.318,NaN,2
2.07,0.31999999999999995,NaN,2
2.07,0.32199999999999995,NaN,2
2.07,0.32399999999999995,NaN,2
2.07,0.32599999999999996,NaN,2
2.07,0.32799999999999996,NaN,2
2.07,0.32999999999999996,NaN,2
2.07,0.33199999999999996,NaN,2
2.07,0.33399999999999996,NaN,2
2.07,0.33599999999999997,NaN,2
2.07,0.33799999999999997,NaN,2
2.07,0.33999999999999997,NaN,2
2.07,0.34199999999999997,NaN,2
2.07,0.344,NaN,2
2.07,0.346,NaN,2
2.07,0.348,NaN,2
2.08,0.25,NaN,2
2.08,0.252,NaN,2
2.08,0.254,NaN,2
2.08,0.256,NaN,2
2.08,0.258,NaN,2
2.08,0.26,NaN,2
2.08,0.262,NaN,2
2.08,0.264,NaN,2
2.08,0.266,NaN,2
2.08,0.268,NaN,2
2.08,0.27,NaN,2
2.08,0.272,NaN,2
2.08,0.274,NaN,2
2.08,0.276,NaN,2
2.08,0.27799999999999997,NaN,2
2.08,0.27999999999999997,NaN,2
2.08,0.282,NaN,2
2.08,0.284,NaN,2
2.08,0.286,NaN,2
2.08,0.288,NaN,2
2.08,0.29,NaN,2
2.08,0.292,NaN,2
2.08,0.294,NaN,2
2.08,0.296,NaN,2
2.08,0.298,NaN,2
2.08,0.3,NaN,2
2.08,0.302,NaN,2
2.08,0.304,NaN,2
2.08,0.306,NaN,2
2.08,0.308,NaN,2
2.08,0.31,NaN,2
2.08,0.312,NaN,2
2.08,0.314,NaN,2
2.08,0.316,NaN,2
2.08,0.318,NaN,2
2.08,0.31999999999999995,NaN,2
2.08,0.32199999999999995,NaN,2
2.08,0.32399999999999995,NaN,2
2.08,0.32599999999999996,NaN,2
2.08,0.32799999999999996,NaN,2
2.08,0.32999999999999996,NaN,2
2.08,0.33199999999999996,NaN,2
2.08,0.33399999999999996,NaN,2
2.08,0.33599999999999997,NaN,2
2.08,0.33799999999999997,NaN,2
2.08,0.33999999999999997,NaN,2
2.08,0.34199999999999997,NaN,2
2.08,0.344,NaN,2
2.08,0.346,NaN,2
2.08,0.348,NaN,2
2.09,0.25,NaN,2
2.09,0.252,NaN,2
2.09,0.254,NaN,2
2.09,0.256,NaN,2
2.09,0.258,NaN,2
2.09,0.26,NaN,2
2.09,0.262,NaN,2
2.09,0.264,NaN,2
2.09,0.266,NaN,2
2.09,0.268,NaN,2
2.09,0.27,NaN,2
2.09,0.272,NaN,2
2.09,0.274,NaN,2
2.09,0.276,NaN,2
2.09,0.27799999999999997,NaN,2
2.09,0.27999999999999997,NaN,2
2.09,0.282,NaN,2
2.09,0.284,NaN,2
2.09,0.286,NaN,2
2.09,0.288,NaN,2
2.09,0.29,NaN,2
2.09,0.292,NaN,2
2.09,0.294,NaN,2
2.09,0.296,NaN,2
2.09,0.298,NaN,2
2.09,0.3,NaN,2
2.09,0.302,NaN,2
2.09,0.304,NaN,2
2.09,0.306,NaN,2
2.09,0.308,NaN,2
2.09,0.31,NaN,2
2.09,0.312,NaN,2
2.09,0.314,NaN,2
2.09,0.316,NaN,2
2.09,0.318,NaN,2
2.09,0.31999999999999995,NaN,2
2.09,0.32199999999999995,NaN,2
2.09,0.32399999999999995,NaN,2
2.09,0.32599999999999996,NaN,2
2.09,0.32799999999999996,NaN,2
2.09,0.32999999999999996,NaN,2
2.09,0.33199999999999996,NaN,2
2.09,0.33399999999999996,NaN,2
2.09,0.33599999999999997,NaN,2
2.09,0.33799999999999997,NaN,2
2.09,0.33999999999999997,NaN,2
2.09,0.34199999999999997,NaN,2
2.09,0.344,NaN,2
2.09,0.346,NaN,2
2.09,0.348,NaN,2
2.1,0.25,NaN,2
2.1,0.252,NaN,2
2.1,0.254,NaN,2
2.1,0.256,NaN,2
2.1,0.258,NaN,2
2.1,0.26,NaN,2
2.1,0.262,NaN,2
2.1,0.264,NaN,2
2.1,0.266,NaN,2
2.1,0.268,NaN,2
2.1,0.27,NaN,2
2.1,0.272,NaN,2
2.1,0.274,NaN,2
2.1,0.276,NaN,2
2.1,0.27799999999999997,NaN,2
2.1,0.27999999999999997,NaN,2
2.1,0.282,NaN,2
2.1,0.284,NaN,2
2.1,0.286,NaN,2
2.1,0.288,NaN,2
2.1,0.29,NaN,2
2.1,0.292,NaN,2
2.1,0.294,NaN,2
2.1,0.296,NaN,2
2.1,0.298,NaN,2
2.1,0.3,NaN,2
2.1,0.302,NaN,2
2.1,0.304,NaN,2
2.1,0.306,NaN,2
2.1,0.308,NaN,2
2.1,0.31,NaN,2
2.1,0.312,NaN,2
2.1,0.314,NaN,2
2.1,0.316,NaN,2
2.1,0.318,NaN,2
2.1,0.31999999999999995,NaN,2
2.1,0.32199999999999995,NaN,2
2.1,0.32399999999999995,NaN,2
2.1,0.32599999999999996,NaN,2
2.1,0.32799999999999996,NaN,2
2.1,0.32999999999999996,NaN,2
2.1,0.33199999999999996,NaN,2
2.1,0.33399999999999996,NaN,2
2.1,0.33599999999999997,NaN,2
2.1,0.33799999999999997,NaN,2
2.1,0.33999999999999997,NaN,2
2.1,0.34199999999999997,NaN,2
2.1,0.344,NaN,2
2.1,0.346,NaN,2
2.1,0.348,NaN,2
2.11,0.25,NaN,2
2.11,0.252,NaN,2
2.11,0.254,NaN,2
2.11,0.256,NaN,2
2.11,0.258,NaN,2
2.11,0.26,NaN,2
2.11,0.262,NaN,2
2.11,0.264,NaN,2
2.11,0.266,NaN,2
2.11,0.268,NaN,2
2.11,0.27,NaN,2
2.11,0.272,NaN,2
2.11,0.274,NaN,2
2.11,0.276,NaN,2
2.11,0.27799999999999997,NaN,2
2.11,0.27999999999999997,NaN,2
2.11,0.282,NaN,2
2.11,0.284,NaN,2
2.11,0.286,NaN,2
2.11,0.288,NaN,2
2.11,0.29,NaN,2
2.11,0.292,NaN,2
2.11,0.294,NaN,2
2.11,0.296,NaN,2
2.11,0.298,NaN,2
2.11,0.3,NaN,2
2.11,0.302,NaN,2
2.11,0.304,NaN,2
2.11,0.306,NaN,2
2.11,0.308,NaN,2
2.11,0.31,NaN,2
2.11,0.312,NaN,2
2.11,0.314,NaN,2
2.11,0.316,NaN,2
2.11,0.318,NaN,2
2.11,0.31999999999999995,NaN,2
2.11,0.32199999999999995,NaN,2
2.11,0.32399999999999995,NaN,2
2.11,0.32599999999999996,NaN,2
2.11,0.32799999999999996,NaN,2
2.11,0.32999999999999996,NaN,2
2.11,0.33199999999999996,NaN,2
2.11,0.33399999999999996,NaN,2
2.11,0.33599999999999997,NaN,2
2.11,0.33799999999999997,NaN,2
2.11,0.33999999999999997,NaN,2
2.11,0.34199999999999997,NaN,2
2.11,0.344,NaN,2
2.11,0.346,NaN,2
2.11,0.348,NaN,2
2.12,0.25,NaN,2
2.12,0.252,NaN,2
2.12,0.254,NaN,2
2.12,0.256,NaN,2
2.12,0.258,NaN,2
2.12,0.26,NaN,2
2.12,0.262,NaN,2
2.12,0.264,NaN,2
2.12,0.266,NaN,2
2.12,0.268,NaN,2
2.12,0.27,NaN,2
2.12,0.272,NaN,2
2.12,0.274,NaN,2
2.12,0.276,NaN,2
2.12,0.27799999999999997,NaN,2
2.12,0.27999999999999997,NaN,2
2.12,0.282,NaN,2
2.12,0.284,NaN,2
2.12,0.286,NaN,2
2.12,0.288,NaN,2
2.12,0.29,NaN,2
2.12,0.292,NaN,2
2.12,0.294,NaN,2
2.12,0.296,NaN,2
2.12,0.298,NaN,2
2.12,0.3,NaN,2
2.12,0.302,NaN,2
2.12,0.304,NaN,2
2.12,0.306,NaN,2
2.12,0.308,NaN,2
2.12,0.31,NaN,2
2.12,0.312,NaN,2
2.12,0.314,NaN,2
2.12,0.316,NaN,2
2.12,0.318,NaN,2
2.12,0.31999999999999995,NaN,2
2.12,0.32199999999999995,NaN,2
2.12,0.32399999999999995,NaN,2
2.12,0.32599999999999996,NaN,2
2.12,0.32799999999999996,NaN,2
2.12,0.32999999999999996,NaN,2
2.12,0.33199999999999996,NaN,2
2.12,0.33399999999999996,NaN,2
2.12,0.33599999999999997,NaN,2
2.12,0.33799999999999997,NaN,2
2.12,0.33999999999999997,NaN,2
2.12,0.34199999999999997,NaN,2
2.12,0.344,NaN,2
2.12,0.346,NaN,2
2.12,0.348,NaN,2
2.13,0.25,NaN,2
2.13,0.252,NaN,2
2.13,0.254,NaN,2
2.13,0.256,NaN,2
2.13,0.258,NaN,2
2.13,0.26,NaN,2
2.13,0.262,NaN,2
2.13,0.264,NaN,2
2.13,0.266,NaN,2
2.13,0.268,NaN,2
2.13,0.27,NaN,2
2.13,0.272,NaN,2
2.13,0.274,NaN,2
2.13,0.276,NaN,2
2.13,0.27799999999999997,NaN,2
2.13,0.27999999999999997,NaN,2
2.13,0.282,NaN,2
2.13,0.284,NaN,2
2.13,0.286,NaN,2
2.13,0.288,NaN,2
2.13,0.29,NaN,2
2.13,0.292,NaN,2
2.13,0.294,NaN,2
2.13,0.296,NaN,2
2.13,0.298,NaN,2
2.13,0.3,NaN,2
2.13,0.302,NaN,2
2.13,0.304,NaN,2
2.13,0.306,NaN,2
2.13,0.308,NaN,2
2.13,0.31,NaN,2
2.13,0.312,NaN,2
2.13,0.314,NaN,2
2.13,0.316,NaN,2
2.13,0.318,NaN,2
2.13,0.31999999999999995,NaN,2
2.13,0.32199999999999995,NaN,2
2.13,0.32399999999999995,NaN,2
2.13,0.32599999999999996,NaN,2
2.13,0.32799999999999996,NaN,2
2.13,0.32999999999999996,NaN,2
2.13,0.33199999999999996,NaN,2
2.13,0.33399999999999996,NaN,2
2.13,0.33599999999999997,NaN,2
2.13,0.33799999999999997,NaN,2
2.13,0.33999999999999997,NaN,2
2.13,0.34199999999999997,NaN,2
2.13,0.344,NaN,2
2.13,0.346,NaN,2
2.13,0.348,NaN,2
2.14,0.25,NaN,2
2.14,0.252,NaN,2
2.14,0.254,NaN,2
2.14,0.256,NaN,2
2.14,0.258,NaN,2
2.14,0.26,NaN,2
2.14,0.262,NaN,2
2.14,0.264,NaN,2
2.14,0.266,NaN,2
2.14,0.268,NaN,2
2.14,0.27,NaN,2
2.14,0.272,NaN,2
2.14,0.274,NaN,2
2.14,0.276,NaN,2
2.14,0.27799999999999997,NaN,2
2.14,0.27999999999999997,NaN,2
2.14,0.282,NaN,2
2.14,0.284,NaN,2
2.14,0.286,NaN,2
2.14,0.288,NaN,2
2.14,0.29,NaN,2
2.14,0.292,NaN,2
2.14,0.294,NaN,2
2.14,0.296,NaN,2
2.14,0.298,NaN,2
2.14,0.3,NaN,2
2.14,0.302,NaN,2
2.14,0.304,NaN,2
2.14,0.306,NaN,2
2.14,0.308,NaN,2
2.14,0.31,NaN,2
2.14,0.312,NaN,2
2.14,0.314,NaN,2
2.14,0.316,NaN,2
2.14,0.318,NaN,2
2.14,0.31999999999999995,NaN,2
2.14,0.32199999999999995,NaN,2
2.14,0.32399999999999995,NaN,2
2.14,0.32599999999999996,NaN,2
2.14,0.32799999999999996,NaN,2
2.14,0.32999999999999996,NaN,2
2.14,0.33199999999999996,NaN,2
2.14,0.33399999999999996,NaN,2
2.14,0.33599999999999997,NaN,2
2.14,0.33799999999999997,NaN,2
2.14,0.33999999999999997,NaN,2
2.14,0.34199999999999997,NaN,2
2.14,0.344,NaN,2
2.14,0.346,NaN,2
2.14,0.348,NaN,2
2.15,0.25,NaN,2
2.15,0.252,NaN,2
2.15,0.254,NaN,2
2.15,0.256,NaN,2
2.15,0.258,NaN,2
2.15,0.26,NaN,2
2.15,0.262,NaN,2
2.15,0.264,NaN,2
2.15,0.266,NaN,2
2.15,0.268,NaN,2
2.15,0.27,NaN,2
2.15,0.272,NaN,2
2.15,0.274,NaN,2
2.15,0.276,NaN,2
2.15,0.27799999999999997,NaN,2
2.15,0.27999999999999997,NaN,2
2.15,0.282,NaN,2
2.15,0.284,NaN,2
2.15,0.286,NaN,2
2.15,0.288,NaN,2
2.15,0.29,NaN,2
2.15,0.292,NaN,2
2.15,0.294,NaN,2
2.15,0.296,NaN,2
2.15,0.298,NaN,2
2.15,0.3,NaN,2
2.15,0.302,NaN,2
2.15,0.304,NaN,2
2.15,0.306,NaN,2
2.15,0.308,NaN,2
2.15,0.31,NaN,2
2.15,0.312,NaN,2
2.15,0.314,NaN,2
2.15,0.316,NaN,2
2.15,0.318,NaN,2
2.15,0.31999999999999995,NaN,2
2.15,0.32199999999999995,NaN,2
2.15,0.32399999999999995,NaN,2
2.15,0.32599999999999996,NaN,2
2.15,0.32799999999999996,NaN,2
2.15,0.32999999999999996,NaN,2
2.15,0.33199999999999996,NaN,2
2.15,0.33399999999999996,NaN,2
2.15,0.33599999999999997,NaN,2
2.15,0.33799999999999997,NaN,2
2.15,0.33999999999999997,NaN,2
2.15,0.34199999999999997,NaN,2
2.15,0.344,NaN,2
2.15,0.346,NaN,2
2.15,0.348,NaN,2
2.16,0.25,NaN,2
2.16,0.252,NaN,2
2.16,0.254,NaN,2
2.16,0.256,NaN,2
2.16,0.258,NaN,2
2.16,0.26,NaN,2
2.16,0.262,NaN,2
2.16,0.264,NaN,2
2.16,0.266,NaN,2
2.16,0.268,NaN,2
2.16,0.27,NaN,2
2.16,0.272,NaN,2
2.16,0.274,NaN,2
2.16,0.276,NaN,2
2.16,0.27799999999999997,NaN,2
2.16,0.27999999999999997,NaN,2
2.16,0.282,NaN,2
2.16,0.284,NaN,2
2.16,0.286,NaN,2
2.16,0.288,NaN,2
2.16,0.29,NaN,2
2.16,0.292,NaN,2
2.16,0.294,NaN,2
2.16,0.296,NaN,2
2.16,0.298,NaN,2
2.16,0.3,NaN,2
2.16,0.302,NaN,2
2.16,0.304,NaN,2
2.16,0.306,NaN,2
2.16,0.308,NaN,2
2.16,0.31,NaN,2
2.16,0.312,NaN,2
2.16,0.314,NaN,2
2.16,0.316,NaN,2
2.16,0.318,NaN,2
2.16,0.31999999999999995,NaN,2
2.16,0.32199999999999995,NaN,2
2.16,0.32399999999999995,NaN,2
2.16,0.32599999999999996,NaN,2
2.16,0.32799999999999996,NaN,2
2.16,0.32999999999999996,NaN,2
2.16,0.33199999999999996,NaN,2
2.16,0.33399999999999996,NaN,2
2.16,0.33599999999999997,NaN,2
2.16,0.33799999999999997,NaN,2
2.16,0.33999999999999997,NaN,2
2.16,0.34199999999999997,NaN,2
2.16,0.344,NaN,2
2.16,0.346,NaN,2
2.16,0.348,NaN,2
2.17,0.25,NaN,2
2.17,0.252,NaN,2
2.17,0.254,NaN,2
2.17,0.256,NaN,2
2.17,0.258,NaN,2
2.17,0.26,NaN,2
2.17,0.262,NaN,2
2.17,0.264,NaN,2
2.17,0.266,NaN,2
2.17,0.268,NaN,2
2.17,0.27,NaN,2
2.17,0.272,NaN,2
2.17,0.274,NaN,2
2.17,0.276,NaN,2
2.17,0.27799999999999997,NaN,2
2.17,0.27999999999999997,NaN,2
2.17,0.282,NaN,2
2.17,0.284,NaN,2
2.17,0.286,NaN,2
2.17,0.288,NaN,2
2.17,0.29,NaN,2
2.17,0.292,NaN,2
2.17,0.294,NaN,2
2.17,0.296,NaN,2
2.17,0.298,NaN,2
2.17,0.3,NaN,2
2.17,0.302,NaN,2
2.17,0.304,NaN,2
2.17,0.306,NaN,2
2.17,0.308,NaN,2
2.17,0.31,NaN,2
2.17,0.312,NaN,2
2.17,0.314,NaN,2
2.17,0.316,NaN,2
2.17,0.318,NaN,2
2.17,0.31999999999999995,NaN,2
2.17,0.32199999999999995,NaN,2
2.17,0.32399999999999995,NaN,2
2.17,0.32599999999999996,NaN,2
2.17,0.32799999999999996,NaN,2
2.17,0.32999999999999996,NaN,2
2.17,0.33199999999999996,NaN,2
2.17,0.33399999999999996,NaN,2
2.17,0.33599999999999997,NaN,2
2.17,0.33799999999999997,NaN,2
2.17,0.33999999999999997,NaN,2
2.17,0.34199999999999997,NaN,2
2.17,0.344,NaN,2
2.17,0.346,NaN,2
2.17,0.348,NaN,2
2.18,0.25,NaN,2
2.18,0.252,NaN,2
2.18,0.254,NaN,2
2.18,0.256,NaN,2
2.18,0.258,NaN,2
2.18,0.26,NaN,2
2.18,0.262,NaN,2
2.18,0.264,NaN,2
2.18,0.266,NaN,2
2.18,0.268,NaN,2
2.18,0.27,NaN,2
2.18,0.272,NaN,2
2.18,0.274,NaN,2
2.18,0.276,NaN,2
2.18,0.27799999999999997,NaN,2
2.18,0.27999999999999997,NaN,2
2.18,0.282,NaN,2
2.18,0.284,NaN,2
2.18,0.286,NaN,2
2.18,0.288,NaN,2
2.18,0.29,NaN,2
2.18,0.292,NaN,2
2.18,0.294,NaN,2
2.18,0.296,NaN,2
2.18,0.298,NaN,2
2.18,0.3,NaN,2
2.18,0.302,NaN,2
2.18,0.304,NaN,2
2.18,0.306,NaN,2
2.18,0.308,NaN,2
2.18,0.31,NaN,2
2.18,0.312,NaN,2
2.18,0.314,NaN,2
2.18,0.316,NaN,2
2.18,0.318,NaN,2
2.18,0.31999999999999995,NaN,2
2.18,0.32199999999999995,NaN,2
2.18,0.32399999999999995,NaN,2
2.18,0.32599999999999996,NaN,2
2.18,0.32799999999999996,NaN,2
2.18,0.32999999999999996,NaN,2
2.18,0.33199999999999996,NaN,2
2.18,0.33399999999999996,NaN,2
2.18,0.33599999999999997,NaN,2
2.18,0.33799999999999997,NaN,2
2.18,0.33999999999999997,NaN,2
2.18,0.34199999999999997,NaN,2
2.18,0.344,NaN,2
2.18,0.346,NaN,2
2.18,0.348,NaN,2
2.19,0.25,NaN,2
2.19,0.252,NaN,2
2.19,0.254,NaN,2
2.19,0.256,NaN,2
2.19,0.258,NaN,2
2.19,0.26,NaN,2
2.19,0.262,NaN,2
2.19,0.264,NaN,2
2.19,0.266,NaN,2
2.19,0.268,NaN,2
2.19,0.27,NaN,2
2.19,0.272,NaN,2
2.19,0.274,NaN,2
2.19,0.276,NaN,2
2.19,0.27799999999999997,NaN,2
2.19,0.27999999999999997,NaN,2
2.19,0.282,NaN,2
2.19,0.284,NaN,2
2.19,0.286,NaN,2
2.19,0.288,NaN,2
2.19,0.29,NaN,2
2.19,0.292,NaN,2
2.19,0.294,NaN,2
2.19,0.296,NaN,2
2.19,0.298,NaN,2
2.19,0.3,NaN,2
2.19,0.302,NaN,2
2.19,0.304,NaN,2
2.19,0.306,NaN,2
2.19,0.308,NaN,2
2.19,0.31,NaN,2
2.19,0.312,NaN,2
2.19,0.314,NaN,2
2.19,0.316,NaN,2
2.19,0.318,NaN,2
2.19,0.31999999999999995,NaN,2
2.19,0.32199999999999995,NaN,2
2.19,0.32399999999999995,NaN,2
2.19,0.32599999999999996,NaN,2
2.19,0.32799999999999996,NaN,2
2.19,0.32999999999999996,NaN,2
2.19,0.33199999999999996,NaN,2
2.19,0.33399999999999996,NaN,2
2.19,0.33599999999999997,NaN,2
2.19,0.33799999999999997,NaN,2
2.19,0.33999999999999997,NaN,2
2.19,0.34199999999999997,NaN,2
2.19,0.344,NaN,2
2.19,0.346,NaN,2
2.19,0.348,NaN,2
2.2,0.25,NaN,2
2.2,0.252,NaN,2
2.2,0.254,NaN,2
2.2,0.256,NaN,2
2.2,0.258,NaN,2
2.2,0.26,NaN,2
2.2,0.262,NaN,2
2.2,0.264,NaN,2
2.2,0.266,NaN,2
2.2,0.268,NaN,2
2.2,0.27,NaN,2
2.2,0.272,NaN,2
2.2,0.274,NaN,2
2.2,0.276,NaN,2
2.2,0.27799999999999997,NaN,2
2.2,0.27999999999999997,NaN,2
2.2,0.282,NaN,2
2.2,0.284,NaN,2
2.2,0.286,NaN,2
2.2,0.288,NaN,2
2.2,0.29,NaN,2
2.2,0.292,NaN,2
2.2,0.294,NaN,2
2.2,0.296,NaN,2
2.2,0.298,NaN,2
2.2,0.3,NaN,2
2.2,0.302,NaN,2
2.2,0.304,NaN,2
2.2,0.306,NaN,2
2.2,0.308,NaN,2
2.2,0.31,NaN,2
2.2,0.312,NaN,2
2.2,0.314,NaN,2
2.2,0.316,NaN,2
2.2,0.318,NaN,2
2.2,0.31999999999999995,NaN,2
2.2,0.32199999999999995,NaN,2
2.2,0.32399999999999995,NaN,2
2.2,0.32599999999999996,NaN,2
2.2,0.32799999999999996,NaN,2
2.2,0.32999999999999996,NaN,2
2.2,0.33199999999999996,NaN,2
2.2,0.33399999999999996,NaN,2
2.2,0.33599999999999997,NaN,2
2.2,0.33799999999999997,NaN,2
2.2,0.33999999999999997,NaN,2
2.2,0.34199999999999997,NaN,2
2.2,0.344,NaN,2
2.2,0.346,NaN,2
2.2,0.348,NaN,2
2.21,0.25,NaN,2
2.21,0.252,NaN,2
2.21,0.254,NaN,2
2.21,0.256,NaN,2
2.21,0.258,NaN,2
2.21,0.26,NaN,2
2.21,0.262,NaN,2
2.21,0.264,NaN,2
2.21,0.266,NaN,2
2.21,0.268,NaN,2
2.21,0.27,NaN,2
2.21,0.272,NaN,2
2.21,0.274,NaN,2
2.21,0.276,NaN,2
2.21,0.27799999999999997,NaN,2
2.21,0.27999999999999997,NaN,2
2.21,0.282,NaN,2
2.21,0.284,NaN,2
2.21,0.286,NaN,2
2.21,0.288,NaN,2
2.21,0.29,NaN,2
2.21,0.292,NaN,2
2.21,0.294,NaN,2
2.21,0.296,NaN,2
2.21,0.298,NaN,2
2.21,0.3,NaN,2
2.21,0.302,NaN,2
2.21,0.304,NaN,2
2.21,0.306,NaN,2
2.21,0.308,NaN,2
2.21,0.31,NaN,2
2.21,0.312,NaN,2
2.21,0.314,NaN,2
2.21,0.316,NaN,2
2.21,0.318,NaN,2
2.21,0.31999999999999995,NaN,2
2.21,0.32199999999999995,NaN,2
2.21,0.32399999999999995,NaN,2
2.21,0.32599999999999996,NaN,2
2.21,0.32799999999999996,NaN,2
2.21,0.32999999999999996,NaN,2
2.21,0.33199999999999996,NaN,2
2.21,0.33399999999999996,NaN,2
2.21,0.33599999999999997,NaN,2
2.21,0.33799999999999997,NaN,2
2.21,0.33999999999999997,NaN,2
2.21,0.34199999999999997,NaN,2
2.21,0.344,NaN,2
2.21,0.346,NaN,2
2.21,0.348,NaN,2
2.22,0.25,NaN,2
2.22,0.252,NaN,2
2.22,0.254,NaN,2
2.22,0.256,NaN,2
2.22,0.258,NaN,2
2.22,0.26,NaN,2
2.22,0.262,NaN,2
2.22,0.264,NaN,2
2.22,0.266,NaN,2
2.22,0.268,NaN,2
2.22,0.27,NaN,2
2.22,0.272,NaN,2
2.22,0.274,NaN,2
2.22,0.276,NaN,2
2.22,0.27799999999999997,NaN,2
2.22,0.27999999999999997,NaN,2
2.22,0.282,NaN,2
2.22,0.284,NaN,2
2.22,0.286,NaN,2
2.22,0.288,NaN,2
2.22,0.29,NaN,2
2.22,0.292,NaN,2
2.22,0.294,NaN,2
2.22,0.296,NaN,2
2.22,0.298,NaN,2
2.22,0.3,NaN,2
2.22,0.302,NaN,2
2.22,0.304,NaN,2
2.22,0.306,NaN,2
2.22,0.308,NaN,2
2.22,0.31,NaN,2
2.22,0.312,NaN,2
2.22,0.314,NaN,2
2.22,0.316,NaN,2
2.22,0.318,NaN,2
2.22,0.31999999999999995,NaN,2
2.22,0.32199999999999995,NaN,2
2.22,0.32399999999999995,NaN,2
2.22,0.32599999999999996,NaN,2
2.22,0.32799999999999996,NaN,2
2.22,0.32999999999999996,NaN,2
2.22,0.33199999999999996,NaN,2
2.22,0.33399999999999996,NaN,2
2.22,0.33599999999999997,NaN,2
2.22,0.33799999999999997,NaN,2
2.22,0.33999999999999997,NaN,2
2.22,0.34199999999999997,NaN,2
2.22,0.344,NaN,2
2.22,0.346,NaN,2
2.22,0.348,NaN,2
2.23,0.25,NaN,2
2.23,0.252,NaN,2
2.23,0.254,NaN,2
2.23,0.256,NaN,2
2.23,0.258,NaN,2
2.23,0.26,NaN,2
2.23,0.262,NaN,2
2.23,0.264,NaN,2
2.23,0.266,NaN,2
2.23,0.268,NaN,2
2.23,0.27,NaN,2
2.23,0.272,NaN,2
2.23,0.274,NaN,2
2.23,0.276,NaN,2
2.23,0.27799999999999997,NaN,2
2.23,0.27999999999999997,NaN,2
2.23,0.282,NaN,2
2.23,0.284,NaN,2
2.23,0.286,NaN,2
2.23,0.288,NaN,2
2.23,0.29,NaN,2
2.23,0.292,NaN,2
2.23,0.294,NaN,2
2.23,0.296,NaN,2
2.23,0.298,NaN,2
2.23,0.3,NaN,2
2.23,0.302,NaN,2
2.23,0.304,NaN,2
2.23,0.306,NaN,2
2.23,0.308,NaN,2
2.23,0.31,NaN,2
2.23,0.312,NaN,2
2.23,0.314,NaN,2
2.23,0.316,NaN,2
2.23,0.318,NaN,2
2.23,0.31999999999999995,NaN,2
2.23,0.32199999999999995,NaN,2
2.23,0.32399999999999995,NaN,2
2.23,0.32599999999999996,NaN,2
2.23,0.32799999999999996,NaN,2
2.23,0.32999999999999996,NaN,2
2.23,0.33199999999999996,NaN,2
2.23,0.33399999999999996,NaN,2
2.23,0.33599999999999997,NaN,2
2.23,0.33799999999999997,NaN,2
2.23,0.33999999999999997,NaN,2
2.23,0.34199999999999997,NaN,2
2.23,0.344,NaN,2
2.23,0.346,NaN,2
2.23,0.348,0.003635,0
2.24,0.25,NaN,2
2.24,0.252,NaN,2
2.24,0.254,NaN,2
2.24,0.256,NaN,2
2.24,0.258,NaN,2
2.24,0.26,NaN,2
2.24,0.262,NaN,2
2.24,0.264,NaN,2
2.24,0.266,NaN,2
2.24,0.268,NaN,2
2.24,0.27,NaN,2
2.24,0.272,NaN,2
2.24,0.274,NaN,2
2.24,0.276,NaN,2
2.24,0.27799999999999997,NaN,2
2.24,0.27999999999999997,NaN,2
2.24,0.282,NaN,2
2.24,0.284,NaN,2
2.24,0.286,NaN,2
2.24,0.288,NaN,2
2.24,0.29,NaN,2
2.24,0.292,NaN,2
2.24,0.294,NaN,2
2.24,0.296,NaN,2
2.24,0.298,NaN,2
2.24,0.3,NaN,2
2.24,0.302,NaN,2
2.24,0.304,NaN,2
2.24,0.306,NaN,2
2.24,0.308,NaN,2
2.24,0.31,NaN,2
2.24,0.312,NaN,2
2.24,0.314,NaN,2
2.24,0.316,NaN,2
2.24,0.318,NaN,2
2.24,0.31999999999999995,NaN,2
2.24,0.32199999999999995,NaN,2
2.24,0.32399999999999995,NaN,2
2.24,0.32599999999999996,NaN,2
2.24,0.32799999999999996,NaN,2
2.24,0.32999999999999996,NaN,2
2.24,0.33199999999999996,NaN,2
2.24,0.33399999999999996,NaN,2
2.24,0.33599999999999997,NaN,2
2.24,0.33799999999999997,NaN,2
2.24,0.33999999999999997,NaN,2
2.24,0.34199999999999997,NaN,2
2.24,0.344,NaN,2
2.24,0.346,NaN,2
2.24,0.348,0.0032549999999999996,0
2.25,0.25,NaN,2
2.25,0.252,NaN,2
2.25,0.254,NaN,2
2.25,0.256,NaN,2
2.25,0.258,NaN,2
2.25,0.26,NaN,2
2.25,0.262,NaN,2
2.25,0.264,NaN,2
2.25,0.266,NaN,2
2.25,0.268,NaN,2
2.25,0.27,NaN,2
2.25,0.272,NaN,2
2.25,0.274,NaN,2
2.25,0.276,NaN,2
2.25,0.27799999999999997,NaN,2
2.25,0.27999999999999997,NaN,2
2.25,0.282,NaN,2
2.25,0.284,NaN,2
2.25,0.286,NaN,2
2.25,0.288,NaN,2
2.25,0.29,NaN,2
2.25,0.292,NaN,2
2.25,0.294,NaN,2
2.25,0.296,NaN,2
2.25,0.298,NaN,2
2.25,0.3,NaN,2
2.25,0.302,NaN,2
2.25,0.304,NaN,2
2.25,0.306,NaN,2
2.25,0.308,NaN,2
2.25,0.31,NaN,2
2.25,0.312,NaN,2
2.25,0.314,NaN,2
2.25,0.316,NaN,2
2.25,0.318,NaN,2
2.25,0.31999999999999995,NaN,2
2.25,0.32199999999999995,NaN,2
2.25,0.32399999999999995,NaN,2
2.25,0.32599999999999996,NaN,2
2.25,0.32799999999999996,NaN,2
2.25,0.32999999999999996,NaN,2
2.25,0.33199999999999996,NaN,2
2.25,0.33399999999999996,NaN,2
2.25,0.33599999999999997,NaN,2
2.25,0.33799999999999997,NaN,2
2.25,0.33999999999999997,NaN,2
2.25,0.34199999999999997,NaN,2
2.25,0.344,NaN,2
2.25,0.346,0.0033499999999999997,0
2.25,0.348,0.00297,0
2.26,0.25,NaN,2
2.26,0.252,NaN,2
2.26,0.254,NaN,2
2.26,0.256,NaN,2
2.26,0.258,NaN,2
2.26,0.26,NaN,2
2.26,0.262,NaN,2
2.26,0.264,NaN,2
2.26,0.266,NaN,2
2.26,0.268,NaN,2
2.26,0.27,NaN,2
2.26,0.272,NaN,2
2.26,0.274,NaN,2
2.26,0.276,NaN,2
2.26,0.27799999999999997,NaN,2
2.26,0.27999999999999997,NaN,2
2.26,0.282,NaN,2
2.26,0.284,NaN,2
2.26,0.286,NaN,2
2.26,0.288,NaN,2
2.26,0.29,NaN,2
2.26,0.292,NaN,2
2.26,0.294,NaN,2
2.26,0.296,NaN,2
2.26,0.298,NaN,2
2.26,0.3,NaN,2
2.26,0.302,NaN,2
2.26,0.304,NaN,2
2.26,0.306,NaN,2
2.26,0.308,NaN,2
2.26,0.31,NaN,2
2.26,0.312,NaN,2
2.26,0.314,NaN,2
2.26,0.316,NaN,2
2.26,0.318,NaN,2
2.26,0.31999999999999995,NaN,2
2.26,0.32199999999999995,NaN,2
2.26,0.32399999999999995,NaN,2
2.26,0.32599999999999996,NaN,2
2.26,0.32799999999999996,NaN,2
2.26,0.32999999999999996,NaN,2
2.26,0.33199999999999996,NaN,2
2.26,0.33399999999999996,NaN,2
2.26,0.33599999999999997,NaN,2
2.26,0.33799999999999997,NaN,2
2.26,0.33999999999999997,NaN,2
2.26,0.34199999999999997,NaN,2
2.26,0.344,0.0034449999999999997,0
2.26,0.346,0.003065,0
2.26,0.348,0.00278,0
2.27,0.25,NaN,2
2.27,0.252,NaN,2
2.27,0.254,NaN,2
2.27,0.256,NaN,2
2.27,0.258,NaN,2
2.27,0.26,NaN,2
2.27,0.262,NaN,2
2.27,0.264,NaN,2
2.27,0.266,NaN,2
2.27,0.268,NaN,2
2.27,0.27,NaN,2
2.27,0.272,NaN,2
2.27,0.274,NaN,2
2.27,0.276,NaN,2
2.27,0.27799999999999997,NaN,2
2.27,0.27999999999999997,NaN,2
2.27,0.282,NaN,2
2.27,0.284,NaN,2
2.27,0.286,NaN,2
2.27,0.288,NaN,2
2.27,0.29,NaN,2
2.27,0.292,NaN,2
2.27,0.294,NaN,2
2.27,0.296,NaN,2
2.27,0.298,NaN,2
2.27,0.3,NaN,2
2.27,0.302,NaN,2
2.27,0.304,NaN,2
2.27,0.306,NaN,2
2.27,0.308,NaN,2
2.27,0.31,NaN,2
2.27,0.312,NaN,2
2.27,0.314,NaN,2
2.27,0.316,NaN,2
2.27,0.318,NaN,2
2.27,0.31999999999999995,NaN,2
2.27,0.32199999999999995,NaN,2
2.27,0.32399999999999995,NaN,2
2.27,0.32599999999999996,NaN,2
2.27,0.32799999999999996,NaN,2
2.27,0.32999999999999996,NaN,2
2.27,0.33199999999999996,NaN,2
2.27,0.33399999999999996,NaN,2
2.27,0.33599999999999997,NaN,2
2.27,0.33799999999999997,NaN,2
2.27,0.33999999999999997,NaN,2
2.27,0.34199999999999997,0.0035399999999999997,0
2.27,0.344,0.00316,0
2.27,0.346,0.00278,0
2.27,0.348,0.00259,0
2.2800000000000002,0.25,NaN,2
2.2800000000000002,0.252,NaN,2
2.2800000000000002,0.254,NaN,2
2.2800000000000002,0.256,NaN,2
2.2800000000000002,0.258,NaN,2
2.2800000000000002,0.26,NaN,2
2.2800000000000002,0.262,NaN,2
2.2800000000000002,0.264,NaN,2
2.2800000000000002,0.266,NaN,2
2.2800000000000002,0.268,NaN,2
2.2800000000000002,0.27,NaN,2
2.2800000000000002,0.272,NaN,2
2.2800000000000002,0.274,NaN,2
2.2800000000000002,0.276,NaN,2
2.2800000000000002,0.27799999999999997,NaN,2
2.2800000000000002,0.27999999999999997,NaN,2
2.2800000000000002,0.282,NaN,2
2.2800000000000002,0.284,NaN,2
2.2800000000000002,0.286,NaN,2
2.2800000000000002,0.288,NaN,2
2.2800000000000002,0.29,NaN,2
2.2800000000000002,0.292,NaN,2
2.2800000000000002,0.294,NaN,2
2.2800000000000002,0.296,NaN,2
2.2800000000000002,0.298,NaN,2
2.2800000000000002,0.3,NaN,2
2.2800000000000002,0.302,NaN,2
2.2800000000000002,0.304,NaN,2
2.2800000000000002,0.306,NaN,2
2.2800000000000002,0.308,NaN,2
2.2800000000000002,0.31,NaN,2
2.2800000000000002,0.312,NaN,2
2.2800000000000002,0.314,NaN,2
2.2800000000000002,0.316,NaN,2
2.2800000000000002,0.318,NaN,2
2.2800000000000002,0.31999999999999995,NaN,2
2.2800000000000002,0.32199999999999995,NaN,2
2.2800000000000002,0.32399999999999995,NaN,2
2.2800000000000002,0.32599999999999996,NaN,2
2.2800000000000002,0.32799999999999996,NaN,2
2.2800000000000002,0.32999999999999996,NaN,2
2.2800000000000002,0.33199999999999996,NaN,2
2.2800000000000002,0.33399999999999996,NaN,2
2.2800000000000002,0.33599999999999997,NaN,2
2.2800000000000002,0.33799999999999997,NaN,2
2.2800000000000002,0.33999999999999997,NaN,2
2.2800000000000002,0.34199999999999997,0.00316,0
2.2800000000000002,0.344,0.002875,0
2.2800000000000002,0.346,0.00259,0
2.2800000000000002,0.348,0.0024000000000000002,0
2.29,0.25,NaN,2
2.29,0.252,NaN,2
2.29,0.254,NaN,2
2.29,0.256,NaN,2
2.29,0.258,NaN,2
2.29,0.26,NaN,2
2.29,0.262,NaN,2
2.29,0.264,NaN,2
2.29,0.266,NaN,2
2.29,0.268,NaN,2
2.29,0.27,NaN,2
2.29,0.272,NaN,2
2.29,0.274,NaN,2
2.29,0.276,NaN,2
2.29,0.27799999999999997,NaN,2
2.29,0.27999999999999997,NaN,2
2.29,0.282,NaN,2
2.29,0.284,NaN,2
2.29,0.286,NaN,2
2.29,0.288,NaN,2
2.29,0.29,NaN,2
2.29,0.292,NaN,2
2.29,0.294,NaN,2
2.29,0.296,NaN,2
2.29,0.298,NaN,2
2.29,0.3,NaN,2
2.29,0.302,NaN,2
2.29,0.304,NaN,2
2.29,0.306,NaN,2
2.29,0.308,NaN,2
2.29,0.31,NaN,2
2.29,0.312,NaN,2
2.29,0.314,NaN,2
2.29,0.316,NaN,2
2.29,0.318,NaN,2
2.29,0.31999999999999995,NaN,2
2.29,0.32199999999999995,NaN,2
2.29,0.32399999999999995,NaN,2
2.29,0.32599999999999996,NaN,2
2.29,0.32799999999999996,NaN,2
2.29,0.32999999999999996,NaN,2
2.29,0.33199999999999996,NaN,2
2.29,0.33399999999999996,NaN,2
2.29,0.33599999999999997,NaN,2
2.29,0.33799999999999997,NaN,2
2.29,0.33999999999999997,0.0032549999999999996,0
2.29,0.34199999999999997,0.00297,0
2.29,0.344,0.002685,0
2.29,0.346,0.0024000000000000002,0
2.29,0.348,0.00221,0
2.3,0.25,NaN,2
2.3,0.252,NaN,2
2.3,0.254,NaN,2
2.3,0.256,NaN,2
2.3,0.258,NaN,2
2.3,0.26,NaN,2
2.3,0.262,NaN,2
2.3,0.264,NaN,2
2.3,0.266,NaN,2
2.3,0.268,NaN,2
2.3,0.27,NaN,2
2.3,0.272,NaN,2
2.3,0.274,NaN,2
2.3,0.276,NaN,2
2.3,0.27799999999999997,NaN,2
2.3,0.27999999999999997,NaN,2
2.3,0.282,NaN,2
2.3,0.284,NaN,2
2.3,0.286,NaN,2
2.3,0.288,NaN,2
2.3,0.29,NaN,2
2.3,0.292,NaN,2
2.3,0.294,NaN,2
2.3,0.296,NaN,2
2.3,0.298,NaN,2
2.3,0.3,NaN,2
2.3,0.302,NaN,2
2.3,0.304,NaN,2
2.3,0.306,NaN,2
2.3,0.308,NaN,2
2.3,0.31,NaN,2
2.3,0.312,NaN,2
2.3,0.314,NaN,2
2.3,0.316,NaN,2
2.3,0.318,NaN,2
2.3,0.31999999999999995,NaN,2
2.3,0.32199999999999995,NaN,2
2.3,0.32399999999999995,NaN,2
2.3,0.32599999999999996,NaN,2
2.3,0.32799999999999996,NaN,2
2.3,0.32999999999999996,NaN,2
2.3,0.33199999999999996,NaN,2
2.3,0.33399999999999996,NaN,2
2.3,0.33599999999999997,NaN,2
2.3,0.33799999999999997,0.0033499999999999997,0
2.3,0.33999999999999997,0.00297,0
2.3,0.34199999999999997,0.002685,0
2.3,0.344,0.002495,0
2.3,0.346,0.0023049999999999998,0
2.3,0.348,0.002115,0
2.31,0.25,NaN,2
2.31,0.252,NaN,2
2.31,0.254,NaN,2
2.31,0.256,NaN,2
2.31,0.258,NaN,2
2.31,0.26,NaN,2
2.31,0.262,NaN,2
2.31,0.264,NaN,2
2.31,0.266,NaN,2
2.31,0.268,NaN,2
2.31,0.27,NaN,2
2.31,0.272,NaN,2
2.31,0.274,NaN,2
2.31,0.276,NaN,2
2.31,0.27799999999999997,NaN,2
2.31,0.27999999999999997,NaN,2
2.31,0.282,NaN,2
2.31,0.284,NaN,2
2.31,0.286,NaN,2
2.31,0.288,NaN,2
2.31,0.29,NaN,2
2.31,0.292,NaN,2
2.31,0.294,NaN,2
2.31,0.296,NaN,2
2.31,0.298,NaN,2
2.31,0.3,NaN,2
2.31,0.302,NaN,2
2.31,0.304,NaN,2
2.31,0.306,NaN,2
2.31,0.308,NaN,2
2.31,0.31,NaN,2
2.31,0.312,NaN,2
2.31,0.314,NaN,2
2.31,0.316,NaN,2
2.31,0.318,NaN,2
2.31,0.31999999999999995,NaN,2
2.31,0.32199999999999995,NaN,2
2.31,0.32399999999999995,NaN,2
2.31,0.32599999999999996,NaN,2
2.31,0.32799999999999996,NaN,2
2.31,0.32999999999999996,NaN,2
2.31,0.33199999999999996,NaN,2
2.31,0.33399999999999996,NaN,2
2.31,0.33599999999999997,0.0035399999999999997,0
2.31,0.33799999999999997,0.003065,0
2.31,0.33999999999999997,0.00278,0
2.31,0.34199999999999997,0.002495,0
2.31,0.344,0.0023049999999999998,0
2.31,0.346,0.002115,0
2.31,0.348,0.00202,0
2.32,0.25,NaN,2
2.32,0.252,NaN,2
2.32,0.254,NaN,2
2.32,0.256,NaN,2
2.32,0.258,NaN,2
2.32,0.26,NaN,2
2.32,0.262,NaN,2
2.32,0.264,NaN,2
2.32,0.266,NaN,2
2.32,0.268,NaN,2
2.32,0.27,NaN,2
2.32,0.272,NaN,2
2.32,0.274,NaN,2
2.32,0.276,NaN,2
2.32,0.27799999999999997,NaN,2
2.32,0.27999999999999997,NaN,2
2.32,0.282,NaN,2
2.32,0.284,NaN,2
2.32,0.286,NaN,2
2.32,0.288,NaN,2
2.32,0.29,NaN,2
2.32,0.292,NaN,2
2.32,0.294,NaN,2
2.32,0.296,NaN,2
2.32,0.298,NaN,2
2.32,0.3,NaN,2
2.32,0.302,NaN,2
2.32,0.304,NaN,2
2.32,0.306,NaN,2
2.32,0.308,NaN,2
2.32,0.31,NaN,2
2.32,0.312,NaN,2
2.32,0.314,NaN,2
2.32,0.316,NaN,2
2.32,0.318,NaN,2
2.32,0.31999999999999995,NaN,2
2.32,0.32199999999999995,NaN,2
2.32,0.32399999999999995,NaN,2
2.32,0.32599999999999996,NaN,2
2.32,0.32799999999999996,NaN,2
2.32,0.32999999999999996,NaN,2
2.32,0.33199999999999996,NaN,2
2.32,0.33399999999999996,NaN,2
2.32,0.33599999999999997,0.00316,0
2.32,0.33799999999999997,0.002875,0
2.32,0.33999999999999997,0.00259,0
2.32,0.34199999999999997,0.0023049999999999998,0
2.32,0.344,0.00221,0
2.32,0.346,0.00202,0
2.32,0.348,0.0019249999999999998,0
2.33,0.25,NaN,2
2.33,0.252,NaN,2
2.33,0.254,NaN,2
2.33,0.256,NaN,2
2.33,0.258,NaN,2
2.33,0.26,NaN,2
2.33,0.262,NaN,2
2.33,0.264,NaN,2
2.33,0.266,NaN,2
2.33,0.268,NaN,2
2.33,0.27,NaN,2
2.33,0.272,NaN,2
2.33,0.274,NaN,2
2.33,0.276,NaN,2
2.33,0.27799999999999997,NaN,2
2.33,0.27999999999999997,NaN,2
2.33,0.282,NaN,2
2.33,0.284,NaN,2
2.33,0.286,NaN,2
2.33,0.288,NaN,2
2.33,0.29,NaN,2
2.33,0.292,NaN,2
2.33,0.294,NaN,2
2.33,0.296,NaN,2
2.33,0.298,NaN,2
2.33,0.3,NaN,2
2.33,0.302,NaN,2
2.33,0.304,NaN,2
2.33,0.306,NaN,2
2.33,0.308,NaN,2
2.33,0.31,NaN,2
2.33,0.312,NaN,2
2.33,0.314,NaN,2
2.33,0.316,NaN,2
2.33,0.318,NaN,2
2.33,0.31999999999999995,NaN,2
2.33,0.32199999999999995,NaN,2
2.33,0.32399999999999995,NaN,2
2.33,0.32599999999999996,NaN,2
2.33,0.32799999999999996,NaN,2
2.33,0.32999999999999996,NaN,2
2.33,0.33199999999999996,NaN,2
2.33,0.33399999999999996,0.0032549999999999996,0
2.33,0.33599999999999997,0.002875,0
2.33,0.33799999999999997,0.00259,0
2.33,0.33999999999999997,0.0024000000000000002,0
2.33,0.34199999999999997,0.00221,0
2.33,0.344,0.00202,0
2.33,0.346,0.0019249999999999998,0
2.33,0.348,0.00183,0
2.34,0.25,NaN,2
2.34,0.252,NaN,2
2.34,0.254,NaN,2
2.34,0.256,NaN,2
2.34,0.258,NaN,2
2.34,0.26,NaN,2
2.34,0.262,NaN,2
2.34,0.264,NaN,2
2.34,0.266,NaN,2
2.34,0.268,NaN,2
2.34,0.27,NaN,2
2.34,0.272,NaN,2
2.34,0.274,NaN,2
2.34,0.276,NaN,2
2.34,0.27799999999999997,NaN,2
2.34,0.27999999999999997,NaN,2
2.34,0.282,NaN,2
2.34,0.284,NaN,2
2.34,0.286,NaN,2
2.34,0.288,NaN,2
2.34,0.29,NaN,2
2.34,0.292,NaN,2
2.34,0.294,NaN,2
2.34,0.296,NaN,2
2.34,0.298,NaN,2
2.34,0.3,NaN,2
2.34,0.302,NaN,2
2.34,0.304,NaN,2
2.34,0.306,NaN,2
2.34,0.308,NaN,2
2.34,0.31,NaN,2
2.34,0.312,NaN,2
2.34,0.314,NaN,2
2.34,0.316,NaN,2
2.34,0.318,NaN,2
2.34,0.31999999999999995,NaN,2
2.34,0.32199999999999995,NaN,2
2.34,0.32399999999999995,NaN,2
2.34,0.32599999999999996,NaN,2
2.34,0.32799999999999996,NaN,2
2.34,0.32999999999999996,NaN,2
2.34,0.33199999999999996,0.0033499999999999997,0
2.34,0.33399999999999996,0.00297,0
2.34,0.33599999999999997,0.002685,0
2.34,0.33799999999999997,0.0024000000000000002,0
2.34,0.33999999999999997,0.00221,0
2.34,0.34199999999999997,0.002115,0
2.34,0.344,0.0019249999999999998,0
2.34,0.346,0.00183,0
2.34,0.348,0.001735,0
2.35,0.25,NaN,2
2.35,0.252,NaN,2
2.35,0.254,NaN,2
2.35,0.256,NaN,2
2.35,0.258,NaN,2
2.35,0.26,NaN,2
2.35,0.262,NaN,2
2.35,0.264,NaN,2
2.35,0.266,NaN,2
2.35,0.268,NaN,2
2.35,0.27,NaN,2
2.35,0.272,NaN,2
2.35,0.274,NaN,2
2.35,0.276,NaN,2
2.35,0.27799999999999997,NaN,2
2.35,0.27999999999999997,NaN,2
2.35,0.282,NaN,2
2.35,0.284,NaN,2
2.35,0.286,NaN,2
2.35,0.288,NaN,2
2.35,0.29,NaN,2
2.35,0.292,NaN,2
2.35,0.294,NaN,2
2.35,0.296,NaN,2
2.35,0.298,NaN,2
2.35,0.3,NaN,2
2.35,0.302,NaN,2
2.35,0.304,NaN,2
2.35,0.306,NaN,2
2.35,0.308,NaN,2
2.35,0.31,NaN,2
2.35,0.312,NaN,2
2.35,0.314,NaN,2
2.35,0.316,NaN,2
2.35,0.318,NaN,2
2.35,0.31999999999999995,NaN,2
2.35,0.32199999999999995,NaN,2
2.35,0.32399999999999995,NaN,2
2.35,0.32599999999999996,NaN,2
2.35,0.32799999999999996,NaN,2
2.35,0.32999999999999996,NaN,2
2.35,0.33199999999999996,0.003065,0
2.35,0.33399999999999996,0.00278,0
2.35,0.33599999999999997,0.002495,0
2.35,0.33799999999999997,0.0023049999999999998,0
2.35,0.33999999999999997,0.002115,0
2.35,0.34199999999999997,0.0019249999999999998,0
2.35,0.344,0.00183,0
2.35,0.346,0.001735,0
2.35,0.348,0.00164,0
2.36,0.25,NaN,2
2.36,0.252,NaN,2
2.36,0.254,NaN,2
2.36,0.256,NaN,2
2.36,0.258,NaN,2
2.36,0.26,NaN,2
2.36,0.262,NaN,2
2.36,0.264,NaN,2
2.36,0.266,NaN,2
2.36,0.268,NaN,2
2.36,0.27,NaN,2
2.36,0.272,NaN,2
2.36,0.274,NaN,2
2.36,0.276,NaN,2
2.36,0.27799999999999997,NaN,2
2.36,0.27999999999999997,NaN,2
2.36,0.282,NaN,2
2.36,0.284,NaN,2
2.36,0.286,NaN,2
2.36,0.288,NaN,2
2.36,0.29,NaN,2
2.36,0.292,NaN,2
2.36,0.294,NaN,2
2.36,0.296,NaN,2
2.36,0.298,NaN,2
2.36,0.3,NaN,2
2.36,0.302,NaN,2
2.36,0.304,NaN,2
2.36,0.306,NaN,2
2.36,0.308,NaN,2
2.36,0.31,NaN,2
2.36,0.312,NaN,2
2.36,0.314,NaN,2
2.36,0.316,NaN,2
2.36,0.318,NaN,2
2.36,0.31999999999999995,NaN,2
2.36,0.32199999999999995,NaN,2
2.36,0.32399999999999995,NaN,2
2.36,0.32599999999999996,NaN,2
2.36,0.32799999999999996,NaN,2
2.36,0.32999999999999996,0.00316,0
2.36,0.33199999999999996,0.002875,0
2.36,0.33399999999999996,0.00259,0
2.36,0.33599999999999997,0.0023049999999999998,0
2.36,0.33799999999999997,0.002115,0
2.36,0.33999999999999997,0.00202,0
2.36,0.34199999999999997,0.00183,0
2.36,0.344,0.001735,0
2.36,0.346,0.00164,0
2.36,0.348,0.001545,0
2.37,0.25,NaN,2
2.37,0.252,NaN,2
2.37,0.254,NaN,2
2.37,0.256,NaN,2
2.37,0.258,NaN,2
2.37,0.26,NaN,2
2.37,0.262,NaN,2
2.37,0.264,NaN,2
2.37,0.266,NaN,2
2.37,0.268,NaN,2
2.37,0.27,NaN,2
2.37,0.272,NaN,2
2.37,0.274,NaN,2
2.37,0.276,NaN,2
2.37,0.27799999999999997,NaN,2
2.37,0.27999999999999997,NaN,2
2.37,0.282,NaN,2
2.37,0.284,NaN,2
2.37,0.286,NaN,2
2.37,0.288,NaN,2
2.37,0.29,NaN,2
2.37,0.292,NaN,2
2.37,0.294,NaN,2
2.37,0.296,NaN,2
2.37,0.298,NaN,2
2.37,0.3,NaN,2
2.37,0.302,NaN,2
2.37,0.304,NaN,2
2.37,0.306,NaN,2
2.37,0.308,NaN,2
2.37,0.31,NaN,2
2.37,0.312,NaN,2
2.37,0.314,NaN,2
2.37,0.316,NaN,2
2.37,0.318,NaN,2
2.37,0.31999999999999995,NaN,2
2.37,0.32199999999999995,NaN,2
2.37,0.32399999999999995,NaN,2
2.37,0.32599999999999996,NaN,2
2.37,0.32799999999999996,0.0033499999999999997,0
2.37,0.32999999999999996,0.002875,0
2.37,0.33199999999999996,0.00259,0
2.37,0.33399999999999996,0.0024000000000000002,0
2.37,0.33599999999999997,0.00221,0
2.37,0.33799999999999997,0.00202,0
2.37,0.33999999999999997,0.0019249999999999998,0
2.37,0.34199999999999997,0.001735,0
2.37,0.344,0.00164,0
2.37,0.346,0.00164,0
2.37,0.348,0.001545,0
2.38,0.25,NaN,2
2.38,0.252,NaN,2
2.38,0.254,NaN,2
2.38,0.256,NaN,2
2.38,0.258,NaN,2
2.38,0.26,NaN,2
2.38,0.262,NaN,2
2.38,0.264,NaN,2
2.38,0.266,NaN,2
2.38,0.268,NaN,2
2.38,0.27,NaN,2
2.38,0.272,NaN,2
2.38,0.274,NaN,2
2.38,0.276,NaN,2
2.38,0.27799999999999997,NaN,2
2.38,0.27999999999999997,NaN,2
2.38,0.282,NaN,2
2.38,0.284,NaN,2
2.38,0.286,NaN,2
2.38,0.288,NaN,2
2.38,0.29,NaN,2
2.38,0.292,NaN,2
2.38,0.294,NaN,2
2.38,0.296,NaN,2
2.38,0.298,NaN,2
2.38,0.3,NaN,2
2.38,0.302,NaN,2
2.38,0.304,NaN,2
2.38,0.306,NaN,2
2.38,0.308,NaN,2
2.38,0.31,NaN,2
2.38,0.312,NaN,2
2.38,0.314,NaN,2
2.38,0.316,NaN,2
2.38,0.318,NaN,2
2.38,0.31999999999999995,NaN,2
2.38,0.32199999999999995,NaN,2
2.38,0.32399999999999995,NaN,2
2.38,0.32599999999999996,0.0034449999999999997,0
2.38,0.32799999999999996,0.003065,0
2.38,0.32999999999999996,0.002685,0
2.38,0.33199999999999996,0.0024000000000000002,0
2.38,0.33399999999999996,0.00221,0
2.38,0.33599999999999997,0.00202,0
2.38,0.33799999999999997,0.0019249999999999998,0
2.38,0.33999999999999997,0.00183,0
2.38,0.34199999999999997,0.001735,0
2.38,0.344,0.00164,0
2.38,0.346,0.001545,0
2.38,0.348,0.00145,0
2.39,0.25,NaN,2
2.39,0.252,NaN,2
2.39,0.254,NaN,2
2.39,0.256,NaN,2
2.39,0.258,NaN,2
2.39,0.26,NaN,2
2.39,0.262,NaN,2
2.39,0.264,NaN,2
2.39,0.266,NaN,2
2.39,0.268,NaN,2
2.39,0.27,NaN,2
2.39,0.272,NaN,2
2.39,0.274,NaN,2
2.39,0.276,NaN,2
2.39,0.27799999999999997,NaN,2
2.39,0.27999999999999997,NaN,2
2.39,0.282,NaN,2
2.39,0.284,NaN,2
2.39,0.286,NaN,2
2.39,0.288,NaN,2
2.39,0.29,NaN,2
2.39,0.292,NaN,2
2.39,0.294,NaN,2
2.39,0.296,NaN,2
2.39,0.298,NaN,2
2.39,0.3,NaN,2
2.39,0.302,NaN,2
2.39,0.304,NaN,2
2.39,0.306,NaN,2
2.39,0.308,NaN,2
2.39,0.31,NaN,2
2.39,0.312,NaN,2
2.39,0.314,NaN,2
2.39,0.316,NaN,2
2.39,0.318,NaN,2
2.39,0.31999999999999995,NaN,2
2.39,0.32199999999999995,NaN,2
2.39,0.32399999999999995,NaN,2
2.39,0.32599999999999996,0.00316,0
2.39,0.32799999999999996,0.00278,0
2.39,0.32999999999999996,0.002495,0
2.39,0.33199999999999996,0.0023049999999999998,0
2.39,0.33399999999999996,0.002115,0
2.39,0.33599999999999997,0.0019249999999999998,0
2.39,0.33799999999999997,0.00183,0
2.39,0.33999999999999997,0.001735,0
2.39,0.34199999999999997,0.00164,0
2.39,0.344,0.001545,0
2.39,0.346,0.00145,0
2.39,0.348,0.00145,0
2.4,0.25,NaN,2
2.4,0.252,NaN,2
2.4,0.254,NaN,2
2.4,0.256,NaN,2
2.4,0.258,NaN,2
2.4,0.26,NaN,2
2.4,0.262,NaN,2
2.4,0.264,NaN,2
2.4,0.266,NaN,2
2.4,0.268,NaN,2
2.4,0.27,NaN,2
2.4,0.272,NaN,2
2.4,0.274,NaN,2
2.4,0.276,NaN,2
2.4,0.27799999999999997,NaN,2
2.4,0.27999999999999997,NaN,2
2.4,0.282,NaN,2
2.4,0.284,NaN,2
2.4,0.286,NaN,2
2.4,0.288,NaN,2
2.4,0.29,NaN,2
2.4,0.292,NaN,2
2.4,0.294,NaN,2
2.4,0.296,NaN,2
2.4,0.298,NaN,2
2.4,0.3,NaN,2
2.4,0.302,NaN,2
2.4,0.304,NaN,2
2.4,0.306,NaN,2
2.4,0.308,NaN,2
2.4,0.31,NaN,2
2.4,0.312,NaN,2
2.4,0.314,NaN,2
2.4,0.316,NaN,2
2.4,0.318,NaN,2
2.4,0.31999999999999995,NaN,2
2.4,0.32199999999999995,NaN,2
2.4,0.32399999999999995,0.0032549999999999996,0
2.4,0.32599999999999996,0.002875,0
2.4,0.32799999999999996,0.00259,0
2.4,0.32999999999999996,0.0023049999999999998,0
2.4,0.33199999999999996,0.002115,0
2.4,0.33399999999999996,0.00202,0
2.4,0.33599999999999997,0.00183,0
2.4,0.33799999999999997,0.001735,0
2.4,0.33999999999999997,0.00164,0
2.4,0.34199999999999997,0.001545,0
2.4,0.344,0.00145,0
2.4,0.346,0.00145,0
2.4,0.348,0.0013549999999999999,0
2.41,0.25,NaN,2
2.41,0.252,NaN,2
2.41,0.254,NaN,2
2.41,0.256,NaN,2
2.41,0.258,NaN,2
2.41,0.26,NaN,2
2.41,0.262,NaN,2
2.41,0.264,NaN,2
2.41,0.266,NaN,2
2.41,0.268,NaN,2
2.41,0.27,NaN,2
2.41,0.272,NaN,2
2.41,0.274,NaN,2
2.41,0.276,NaN,2
2.41,0.27799999999999997,NaN,2
2.41,0.27999999999999997,NaN,2
2.41,0.282,NaN,2
2.41,0.284,NaN,2
2.41,0.286,NaN,2
2.41,0.288,NaN,2
2.41,0.29,NaN,2
2.41,0.292,NaN,2
2.41,0.294,NaN,2
2.41,0.296,NaN,2
2.41,0.298,NaN,2
2.41,0.3,NaN,2
2.41,0.302,NaN,2
2.41,0.304,NaN,2
2.41,0.306,NaN,2
2.41,0.308,NaN,2
2.41,0.31,NaN,2
2.41,0.312,NaN,2
2.41,0.314,NaN,2
2.41,0.316,NaN,2
2.41,0.318,NaN,2
2.41,0.31999999999999995,NaN,2
2.41,0.32199999999999995,NaN,2
2.41,0.32399999999999995,0.00297,0
2.41,0.32599999999999996,0.002685,0
2.41,0.32799999999999996,0.0024000000000000002,0
2.41,0.32999999999999996,0.00221,0
2.41,0.33199999999999996,0.00202,0
2.41,0.33399999999999996,0.0019249999999999998,0
2.41,0.33599999999999997,0.001735,0
2.41,0.33799999999999997,0.00164,0
2.41,0.33999999999999997,0.001545,0
2.41,0.34199999999999997,0.001545,0
2.41,0.344,0.00145,0
2.41,0.346,0.0013549999999999999,0
2.41,0.348,0.0013549999999999999,0
2.42,0.25,NaN,2
2.42,0.252,NaN,2
2.42,0.254,NaN,2
2.42,0.256,NaN,2
2.42,0.258,NaN,2
2.42,0.26,NaN,2
2.42,0.262,NaN,2
2.42,0.264,NaN,2
2.42,0.266,NaN,2
2.42,0.268,NaN,2
2.42,0.27,NaN,2
2.42,0.272,NaN,2
2.42,0.274,NaN,2
2.42,0.276,NaN,2
2.42,0.27799999999999997,NaN,2
2.42,0.27999999999999997,NaN,2
2.42,0.282,NaN,2
2.42,0.284,NaN,2
2.42,0.286,NaN,2
2.42,0.288,NaN,2
2.42,0.29,NaN,2
2.42,0.292,NaN,2
2.42,0.294,NaN,2
2.42,0.296,NaN,2
2.42,0.298,NaN,2
2.42,0.3,NaN,2
2.42,0.302,NaN,2
2.42,0.304,NaN,2
2.42,0.306,NaN,2
2.42,0.308,NaN,2
2.42,0.31,NaN,2
2.42,0.312,NaN,2
2.42,0.314,NaN,2
2.42,0.316,NaN,2
2.42,0.318,NaN,2
2.42,0.31999999999999995,NaN,2
2.42,0.32199999999999995,0.003065,0
2.42,0.32399999999999995,0.00278,0
2.42,0.32599999999999996,0.002495,0
2.42,0.32799999999999996,0.00221,0
2.42,0.32999999999999996,0.002115,0
2.42,0.33199999999999996,0.0019249999999999998,0
2.42,0.33399999999999996,0.00183,0
2.42,0.33599999999999997,0.001735,0
2.42,0.33799999999999997,0.00164,0
2.42,0.33999999999999997,0.001545,0
2.42,0.34199999999999997,0.00145,0
2.42,0.344,0.0013549999999999999,0
2.42,0.346,0.0013549999999999999,0
2.42,0.348,0.0012599999999999998,0
2.43,0.25,NaN,2
2.43,0.252,NaN,2
2.43,0.254,NaN,2
2.43,0.256,NaN,2
2.43,0.258,NaN,2
2.43,0.26,NaN,2
2.43,0.262,NaN,2
2.43,0.264,NaN,2
2.43,0.266,NaN,2
2.43,0.268,NaN,2
2.43,0.27,NaN,2
2.43,0.272,NaN,2
2.43,0.274,NaN,2
2.43,0.276,NaN,2
2.43,0.27799999999999997,NaN,2
2.43,0.27999999999999997,NaN,2
2.43,0.282,NaN,2
2.43,0.284,NaN,2
2.43,0.286,NaN,2
2.43,0.288,NaN,2
2.43,0.29,NaN,2
2.43,0.292,NaN,2
2.43,0.294,NaN,2
2.43,0.296,NaN,2
2.43,0.298,NaN,2
2.43,0.3,NaN,2
2.43,0.302,NaN,2
2.43,0.304,NaN,2
2.43,0.306,NaN,2
2.43,0.308,NaN,2
2.43,0.31,NaN,2
2.43,0.312,NaN,2
2.43,0.314,NaN,2
2.43,0.316,NaN,2
2.43,0.318,NaN,2
2.43,0.31999999999999995,0.0032549999999999996,0
2.43,0.32199999999999995,0.002875,0
2.43,0.32399999999999995,0.00259,0
2.43,0.32599999999999996,0.0023049999999999998,0
2.43,0.32799999999999996,0.002115,0
2.43,0.32999999999999996,0.0019249999999999998,0
2.43,0.33199999999999996,0.00183,0
2.43,0.33399999999999996,0.001735,0
2.43,0.33599999999999997,0.00164,0
2.43,0.33799999999999997,0.001545,0
2.43,0.33999999999999997,0.00145,0
2.43,0.34199999999999997,0.0013549999999999999,0
2.43,0.344,0.0013549999999999999,0
2.43,0.346,0.0012599999999999998,0
2.43,0.348,0.0012599999999999998,0
2.44,0.25,NaN,2
2.44,0.252,NaN,2
2.44,0.254,NaN,2
2.44,0.256,NaN,2
2.44,0.258,NaN,2
2.44,0.26,NaN,2
2.44,0.262,NaN,2
2.44,0.264,NaN,2
2.44,0.266,NaN,2
2.44,0.268,NaN,2
2.44,0.27,NaN,2
2.44,0.272,NaN,2
2.44,0.274,NaN,2
2.44,0.276,NaN,2
2.44,0.27799999999999997,NaN,2
2.44,0.27999999999999997,NaN,2
2.44,0.282,NaN,2
2.44,0.284,NaN,2
2.44,0.286,NaN,2
2.44,0.288,NaN,2
2.44,0.29,NaN,2
2.44,0.292,NaN,2
2.44,0.294,NaN,2
2.44,0.296,NaN,2
2.44,0.298,NaN,2
2.44,0.3,NaN,2
2.44,0.302,NaN,2
2.44,0.304,NaN,2
2.44,0.306,NaN,2
2.44,0.308,NaN,2
2.44,0.31,NaN,2
2.44,0.312,NaN,2
2.44,0.314,NaN,2
2.44,0.316,NaN,2
2.44,0.318,0.0033499999999999997,0
2.44,0.31999999999999995,0.00297,0
2.44,0.32199999999999995,0.00259,0
2.44,0.32399999999999995,0.0024000000000000002,0
2.44,0.32599999999999996,0.00221,0
2.44,0.32799999999999996,0.00202,0
2.44,0.32999999999999996,0.00183,0
2.44,0.33199999999999996,0.001735,0
2.44,0.33399999999999996,0.00164,0
2.44,0.33599999999999997,0.001545,0
2.44,0.33799999999999997,0.00145,0
2.44,0.33999999999999997,0.00145,0
2.44,0.34199999999999997,0.0013549999999999999,0
2.44,0.344,0.0012599999999999998,0
2.44,0.346,0.0012599999999999998,0
2.44,0.348,0.001165,0
2.45,0.25,NaN,2
2.45,0.252,NaN,2
2.45,0.254,NaN,2
2.45,0.256,NaN,2
2.45,0.258,NaN,2
2.45,0.26,NaN,2
2.45,0.262,NaN,2
2.45,0.264,NaN,2
2.45,0.266,NaN,2
2.45,0.268,NaN,2
2.45,0.27,NaN,2
2.45,0.272,NaN,2
2.45,0.274,NaN,2
2.45,0.276,NaN,2
2.45,0.27799999999999997,NaN,2
2.45,0.27999999999999997,NaN,2
2.45,0.282,NaN,2
2.45,0.284,NaN,2
2.45,0.286,NaN,2
2.45,0.288,NaN,2
2.45,0.29,NaN,2
2.45,0.292,NaN,2
2.45,0.294,NaN,2
2.45,0.296,NaN,2
2.45,0.298,NaN,2
2.45,0.3,NaN,2
2.45,0.302,NaN,2
2.45,0.304,NaN,2
2.45,0.306,NaN,2
2.45,0.308,NaN,2
2.45,0.31,NaN,2
2.45,0.312,NaN,2
2.45,0.314,NaN,2
2.45,0.316,NaN,2
2.45,0.318,0.003065,0
2.45,0.31999999999999995,0.002685,0
2.45,0.32199999999999995,0.0024000000000000002,0
2.45,0.32399999999999995,0.00221,0
2.45,0.32599999999999996,0.00202,0
2.45,0.32799999999999996,0.0019249999999999998,0
2.45,0.32999999999999996,0.001735,0
2.45,0.33199999999999996,0.00164,0
2.45,0.33399999999999996,0.001545,0
2.45,0.33599999999999997,0.001545,0
2.45,0.33799999999999997,0.00145,0
2.45,0.33999999999999997,0.0013549999999999999,0
2.45,0.34199999999999997,0.0013549999999999999,0
2.45,0.344,0.0012599999999999998,0
2.45,0.346,0.0012599999999999998,0
2.45,0.348,0.001165,0
2.46,0.25,NaN,2
2.46,0.252,NaN,2
2.46,0.254,NaN,2
2.46,0.256,NaN,2
2.46,0.258,NaN,2
2.46,0.26,NaN,2
2.46,0.262,NaN,2
2.46,0.264,NaN,2
2.46,0.266,NaN,2
2.46,0.268,NaN,2
2.46,0.27,NaN,2
2.46,0.272,NaN,2
2.46,0.274,NaN,2
2.46,0.276,NaN,2
2.46,0.27799999999999997,NaN,2
2.46,0.27999999999999997,NaN,2
2.46,0.282,NaN,2
2.46,0.284,NaN,2
2.46,0.286,NaN,2
2.46,0.288,NaN,2
2.46,0.29,NaN,2
2.46,0.292,NaN,2
2.46,0.294,NaN,2
2.46,0.296,NaN,2
2.46,0.298,NaN,2
2.46,0.3,NaN,2
2.46,0.302,NaN,2
2.46,0.304,NaN,2
2.46,0.306,NaN,2
2.46,0.308,NaN,2
2.46,0.31,NaN,2
2.46,0.312,NaN,2
2.46,0.314,NaN,2
2.46,0.316,0.0032549999999999996,0
2.46,0.318,0.00278,0
2.46,0.31999999999999995,0.002495,0
2.46,0.32199999999999995,0.0023049999999999998,0
2.46,0.32399999999999995,0.002115,0
2.46,0.32599999999999996,0.0019249999999999998,0
2.46,0.32799999999999996,0.00183,0
2.46,0.32999999999999996,0.001735,0
2.46,0.33199999999999996,0.00164,0
2.46,0.33399999999999996,0.001545,0
2.46,0.33599999999999997,0.00145,0
2.46,0.33799999999999997,0.0013549999999999999,0
2.46,0.33999999999999997,0.0013549999999999999,0
2.46,0.34199999999999997,0.0012599999999999998,0
2.46,0.344,0.0012599999999999998,0
2.46,0.346,0.001165,0
2.46,0.348,0.001165,0
2.4699999999999998,0.25,NaN,2
2.4699999999999998,0.252,NaN,2
2.4699999999999998,0.254,NaN,2
2.4699999999999998,0.256,NaN,2
2.4699999999999998,0.258,NaN,2
2.4699999999999998,0.26,NaN,2
2.4699999999999998,0.262,NaN,2
2.4699999999999998,0.264,NaN,2
2.4699999999999998,0.266,NaN,2
2.4699999999999998,0.268,NaN,2
2.4699999999999998,0.27,NaN,2
2.4699999999999998,0.272,NaN,2
2.4699999999999998,0.274,NaN,2
2.4699999999999998,0.276,NaN,2
2.4699999999999998,0.27799999999999997,NaN,2
2.4699999999999998,0.27999999999999997,NaN,2
2.4699999999999998,0.282,NaN,2
2.4699999999999998,0.284,NaN,2
2.4699999999999998,0.286,NaN,2
2.4699999999999998,0.288,NaN,2
2.4699999999999998,0.29,NaN,2
2.4699999999999998,0.292,NaN,2
2.4699999999999998,0.294,NaN,2
2.4699999999999998,0.296,NaN,2
2.4699999999999998,0.298,NaN,2
2.4699999999999998,0.3,NaN,2
2.4699999999999998,0.302,NaN,2
2.4699999999999998,0.304,NaN,2
2.4699999999999998,0.306,NaN,2
2.4699999999999998,0.308,NaN,2
2.4699999999999998,0.31,NaN,2
2.4699999999999998,0.312,NaN,2
2.4699999999999998,0.314,NaN,2
2.4699999999999998,0.316,0.00297,0
2.4699999999999998,0.318,0.00259,0
2.4699999999999998,0.31999999999999995,0.0024000000000000002,0
2.4699999999999998,0.32199999999999995,0.002115,0
2.4699999999999998,0.32399999999999995,0.00202,0
2.4699999999999998,0.32599999999999996,0.00183,0
2.4699999999999998,0.32799999999999996,0.001735,0
2.4699999999999998,0.32999999999999996,0.00164,0
2.4699999999999998,0.33199999999999996,0.001545,0
2.4699999999999998,0.33399999999999996,0.00145,0
2.4699999999999998,0.33599999999999997,0.0013549999999999999,0
2.4699999999999998,0.33799999999999997,0.0013549999999999999,0
2.4699999999999998,0.33999999999999997,0.0012599999999999998,0
2.4699999999999998,0.34199999999999997,0.0012599999999999998,0
2.4699999999999998,0.344,0.001165,0
2.4699999999999998,0.346,0.001165,0
2.4699999999999998,0.348,0.00107,0
2.48,0.25,NaN,2
2.48,0.252,NaN,2
2.48,0.254,NaN,2
2.48,0.256,NaN,2
2.48,0.258,NaN,2
2.48,0.26,NaN,2
2.48,0.262,NaN,2
2.48,0.264,NaN,2
2.48,0.266,NaN,2
2.48,0.268,NaN,2
2.48,0.27,NaN,2
2.48,0.272,NaN,2
2.48,0.274,NaN,2
2.48,0.276,NaN,2
2.48,0.27799999999999997,NaN,2
2.48,0.27999999999999997,NaN,2
2.48,0.282,NaN,2
2.48,0.284,NaN,2
2.48,0.286,NaN,2
2.48,0.288,NaN,2
2.48,0.29,NaN,2
2.48,0.292,NaN,2
2.48,0.294,NaN,2
2.48,0.296,NaN,2
2.48,0.298,NaN,2
2.48,0.3,NaN,2
2.48,0.302,NaN,2
2.48,0.304,NaN,2
2.48,0.306,NaN,2
2.48,0.308,NaN,2
2.48,0.31,NaN,2
2.48,0.312,NaN,2
2.48,0.314,0.003065,0
2.48,0.316,0.002685,0
2.48,0.318,0.0024000000000000002,0
2.48,0.31999999999999995,0.00221,0
2.48,0.32199999999999995,0.00202,0
2.48,0.32399999999999995,0.0019249999999999998,0
2.48,0.32599999999999996,0.001735,0
2.48,0.32799999999999996,0.00164,0
2.48,0.32999999999999996,0.001545,0
2.48,0.33199999999999996,0.00145,0
2.48,0.33399999999999996,0.00145,0
2.48,0.33599999999999997,0.0013549999999999999,0
2.48,0.33799999999999997,0.0012599999999999998,0
2.48,0.33999999999999997,0.0012599999999999998,0
2.48,0.34199999999999997,0.001165,0
2.48,0.344,0.001165,0
2.48,0.346,0.001165,0
2.48,0.348,0.00107,0
2.49,0.25,NaN,2
2.49,0.252,NaN,2
2.49,0.254,NaN,2
2.49,0.256,NaN,2
2.49,0.258,NaN,2
2.49,0.26,NaN,2
2.49,0.262,NaN,2
2.49,0.264,NaN,2
2.49,0.266,NaN,2
2.49,0.268,NaN,2
2.49,0.27,NaN,2
2.49,0.272,NaN,2
2.49,0.274,NaN,2
2.49,0.276,NaN,2
2.49,0.27799999999999997,NaN,2
2.49,0.27999999999999997,NaN,2
2.49,0.282,NaN,2
2.49,0.284,NaN,2
2.49,0.286,NaN,2
2.49,0.288,NaN,2
2.49,0.29,NaN,2
2.49,0.292,NaN,2
2.49,0.294,NaN,2
2.49,0.296,NaN,2
2.49,0.298,NaN,2
2.49,0.3,NaN,2
2.49,0.302,NaN,2
2.49,0.304,NaN,2
2.49,0.306,NaN,2
2.49,0.308,NaN,2
2.49,0.31,NaN,2
2.49,0.312,0.0032549999999999996,0
2.49,0.314,0.002875,0
2.49,0.316,0.002495,0
2.49,0.318,0.0023049999999999998,0
2.49,0.31999999999999995,0.002115,0
2.49,0.32199999999999995,0.0019249999999999998,0
2.49,0.32399999999999995,0.00183,0
2.49,0.32599999999999996,0.00164,0
2.49,0.32799999999999996,0.001545,0
2.49,0.32999999999999996,0.001545,0
2.49,0.33199999999999996,0.00145,0
2.49,0.33399999999999996,0.0013549999999999999,0
2.49,0.33599999999999997,0.0012599999999999998,0
2.49,0.33799999999999997,0.0012599999999999998,0
2.49,0.33999999999999997,0.001165,0
2.49,0.34199999999999997,0.001165,0
2.49,0.344,0.001165,0
2.49,0.346,0.00107,0
2.49,0.348,0.00107,0