1,1,4,0.1423286696555041,0.1423286696555041
2,2,4.000079071483142,0.28457143425695064,0.14224276460144655
3,3,4.000237166724395,0.42672826075322584,0.1421568264962752
4,4,4.000474237980369,0.5687991152971608,0.14207085454393492
5,5,4.000790237488868,0.7107839632485815,0.14198484795142075
6,6,4.0011851174684505,0.8526827691773636,0.14189880592878212
7,7,4.001658830117994,0.9944954968664746,0.14181272768911102
8,8,4.002211327616253,1.1362221093150286,0.141726612448554
9,9,4.002842562121429,1.2778625687413236,0.141640459426295
10,10,4.003552485770729,1.4194168365858857,0.14155426784456204
11,11,4.004341050679943,1.560884873514513,0.14146803692862742
12,12,4.005208208943007,1.7022666394213075,0.1413817659067944
13,13,4.006153912631575,1.843562093431715,0.14129545401040744
14,14,4.007178113794592,1.9847711939055614,0.1412091004738465
15,15,4.008280764457873,2.1258938984400744,0.14112270453451292
16,16,4.009461816623673,2.2669301638729276,0.1410362654328532
17,17,4.010721222270269,2.4078799462852545,0.14094978241232692
18,18,4.012058933351538,2.548743201004679,0.14086325471942462
19,19,4.013474901796541,2.689519882608349,0.14077668160366974
20,20,4.014969079509101,2.8302099449259335,0.14069006231758463
21,21,4.016541418367393,2.97081334104267,0.14060339611673633
22,22,4.018191870223528,3.111330023302358,0.14051668225968816
23,23,4.019920386903141,3.2517599433103914,0.14042992000803345
24,24,4.02172692020498,3.3921030519367514,0.14034310862636
25,25,4.0236114219005,3.532359299319041,0.1402562473822897
26,26,4.025573843733455,3.672528634865478,0.14016933554643707
27,27,4.027614137419492,3.812611007257902,0.1400823723924236
28,28,4.029732254645746,3.952606364454784,0.13999535719688216
29,29,4.031928147070444,4.0925146536942245,0.13990828923944054
30,30,4.034201766322496,4.232335821496956,0.13982116780273124
31,31,4.0365530640011045,4.372069813669342,0.13973399217238658
32,32,4.0389819916753655,4.511716575306365,0.13964676163702272
33,33,4.041488500883869,4.651276050794626,0.13955947548826053
34,34,4.044072543134311,4.790748183815347,0.13947213302072115
35,35,4.046734069903097,4.930132917347326,0.1393847335319789
36,36,4.049473032634957,5.069430193669974,0.13929727632264832
37,37,4.0522893827425515,5.208639954366253,0.13920976069627944
38,38,4.055183071606088,5.347762140325689,0.13912218595943582
39,39,4.058154050572935,5.48679669174734,0.1390345514216511
40,40,4.0612022709572395,5.62574354814277,0.13894685639542992
41,41,4.064327684039541,5.764602648339051,0.13885910019628067
42,42,4.067530241066396,5.903373930481699,0.1387712821426481
43,43,4.070809893249997,6.042057332037678,0.13868340155597902
44,44,4.074166591767796,6.180652789798353,0.13859545776067517
45,45,4.077600287762128,6.319160239882471,0.13850745008411813
46,46,4.081110932339841,6.457579617739111,0.13841937785664005
47,47,4.084698476571917,6.595910858150657,0.13833124041154576
48,48,4.088362871493112,6.734153895235758,0.13824303708510044
49,49,4.092104068101577,6.8723086624522915,0.13815476721653397
50,50,4.095922017358495,7.010375092600306,0.13806643014801434
51,51,4.0998166701877174,7.148353117825002,0.1379780252246965
52,52,4.103787977475398,7.286242669619656,0.1378895517946539
53,53,4.107835890069631,7.424043678828587,0.137801009208931
54,54,4.111960358780091,7.5617560756501065,0.13771239682151926
55,55,4.116161334377674,7.699379789639443,0.1376237139893366
56,56,4.12043876759414,7.836914749711743,0.13753496007229948
57,57,4.124792609121758,7.974360884144925,0.13744613443318254
58,58,4.1292228096129495,8.111718120582704,0.1373572364377793
59,59,4.13372931967994,8.248986386037474,0.1372682654547699
60,60,4.138312089894405,8.386165606893266,0.13717922085579204
61,61,4.142971070787123,8.523255708908687,0.1370901020154207
62,62,4.147706212847628,8.660256617219824,0.13700090831113698
63,63,4.152517466523861,8.797168256343209,0.1369116391233849
64,64,4.157404782221829,8.933990550178718,0.13682229383550926
65,65,4.162368110305262,9.070723422012504,0.1367328718337859
66,66,4.167407401095269,9.207366794519913,0.1366433725074092
67,67,4.172522604870002,9.343920589768429,0.1365537952485152
68,68,4.177713671864318,9.480384729220564,0.1364641394521353
69,69,4.1829805522694405,9.616759133736785,0.1363744045162214
70,70,4.188323196232628,9.753043723578422,0.13628458984163672
71,71,4.193741553856838,9.889238418410606,0.13619469483218438
72,72,4.199235575200399,10.025343137305125,0.13610471889451858
73,73,4.20480521027668,10.161357798743376,0.13601466143825114
74,74,4.21045040905376,10.29728232061927,0.13592452187589465
75,75,4.216171121454104,10.433116620242103,0.13583429962283233
76,76,4.221967297354238,10.568860614339467,0.13574399409736415
77,77,4.2278388865844265,10.70451421906019,0.13565360472072285
78,78,4.233785838928349,10.840077349977163,0.1355631309169727
79,79,4.239808104122781,10.97554992209029,0.1354725721131267
80,80,4.245905631857275,11.110931849829345,0.135381927739056
81,81,4.252078371773847,11.246223047056885,0.13529119722753968
82,82,4.258326273466656,11.38142342707111,0.13520038001422563
83,83,4.264649286481696,11.516532902608793,0.13510947553768204
84,84,4.271047360316478,11.651551385848107,0.13501848323931398
85,85,4.277520444419728,11.786478788411552,0.13492740256344504
86,86,4.284068488191068,11.921315021368798,0.13483623295724634
87,87,4.290691440980717,12.05605999523961,0.13474497387081108
88,88,4.297389252089183,12.19071361999662,0.1346536247570107
89,89,4.3041618707669596,12.325275805068364,0.13456218507174356
90,90,4.31100924621422,12.459746459341988,0.13447065427362404
91,91,4.317931327580521,12.594125491166194,0.1343790318242064
92,92,4.324928063964501,12.728412808354125,0.13428731718793152
93,93,4.331999404413587,12.862608318186158,0.13419550983203266
94,94,4.33914529792369,12.996711927412827,0.13410360922666875
95,95,4.346365693438919,13.130723542257643,0.13401161484481605
96,96,4.353660539851285,13.264643068419979,0.1339195261623356
97,97,4.361029786000407,13.398470411077906,0.13382734265792706
98,98,4.368473380673228,13.53220547489105,0.1337350638131447
99,99,4.375991272603724,13.665848164003437,0.13364268911238675
100,100,4.383583410472614,13.799398382046347,0.13355021804290956
101,101,4.391249742907084,13.93285603214114,0.13345765009479393
102,102,4.398990218480495,14.066221016902134,0.133364984760993
103,103,4.406804785712108,14.199493238439423,0.13327222153728968
104,104,4.414693393066797,14.33267259836171,0.1331793599222859
105,105,4.422655988954776,14.46575899777915,0.13308639941744005
106,106,4.430692521731319,14.598752337306198,0.13299333952704906
107,107,4.4388029396964885,14.731652517064395,0.132900179758197
108,108,4.446987191094858,14.864459436685266,0.13280691962087054
109,109,4.455245224115239,14.997172995313093,0.1327135586278274
110,110,4.463576986890413,15.129793091607771,0.1326200962946782
111,111,4.471982427496862,15.262319623747581,0.13252653213980992
112,112,4.480461493954499,15.394752489432085,0.1324328656845033
113,113,4.489014134226406,15.527091585884861,0.13233909645277642
114,114,4.497640296218564,15.65933680985643,0.13224522397156946
115,115,4.506339927779595,15.791488057626927,0.13215124777049603
116,116,4.515112976700499,15.923545225009017,0.13205716738209006
117,117,4.523959390714393,16.0555082073507,0.13196298234168502
118,118,4.532879117496254,16.187376899538048,0.13186869218734643
119,119,4.541872104662665,16.31915119599808,0.13177429646003347
120,120,4.550938299771553,16.45083099070153,0.13167979470344804
121,121,4.560077650321943,16.582416177165634,0.131585186464104
122,122,4.569290103753701,16.713906648456973,0.13149047129133962
123,123,4.578575607447289,16.845302297194227,0.13139564873725362
124,124,4.587934108723507,16.976603015550996,0.13130071835676915
125,125,4.597365554843258,17.10780869525857,0.13120567970757335
126,126,4.606869893007291,17.238919227608708,0.1311105323501387
127,127,4.616447070355963,17.369934503456477,0.13101527584776917
128,128,4.626097033968994,17.50085441322294,0.13091990976646173
129,129,4.635819730865229,17.631678846898083,0.1308244336751443
130,130,4.645615108002395,17.76240769404345,0.1307288471453667
131,131,4.655483112276863,17.89304084379497,0.13063314975152096
132,132,4.665423690523416,18.023578184865773,0.13053734107080217
133,133,4.675436789515008,18.154019605548925,0.13044142068315168
134,134,4.685522355962535,18.197478744100728,0.04345913855180328
135,135,4.695632066375925,18.197478744100728,0
136,136,4.705741776789314,18.197478744100728,0
137,137,4.715851487202704,18.197478744100728,0
138,138,4.725961197616094,18.197478744100728,0
139,139,4.736070908029483,18.197478744100728,0
140,140,4.746180618442873,18.197478744100728,0
141,141,4.756290328856262,18.197478744100728,0
142,142,4.766400039269652,18.197478744100728,0
143,143,4.776509749683042,18.197478744100728,0
144,144,4.786619460096431,18.197478744100728,0
145,145,4.796729170509821,18.197478744100728,0
146,146,4.806838880923211,18.197478744100728,0
147,147,4.8169485913366,18.197478744100728,0
148,148,4.8270583017499895,18.197478744100728,0
149,149,4.83716801216338,18.197478744100728,0
150,150,4.847277722576769,18.197478744100728,0
151,151,4.8573874329901585,18.197478744100728,0
152,152,4.867497143403549,18.197478744100728,0
153,153,4.877606853816938,18.197478744100728,0
154,154,4.8877165642303275,18.197478744100728,0
155,155,4.897826274643717,18.197478744100728,0
156,156,4.907935985057107,18.197478744100728,0
157,157,4.9180456954704965,18.197478744100728,0
158,158,4.928155405883886,18.197478744100728,0
159,159,4.938265116297275,18.197478744100728,0
160,160,4.9483748267106655,18.197478744100728,0
161,161,4.958484537124055,18.197478744100728,0
162,162,4.968594247537444,18.197478744100728,0
163,163,4.9787039579508345,18.197478744100728,0
164,164,4.988813668364224,18.197478744100728,0
165,165,4.998923378777613,18.197478744100728,0
166,166,5.009033089191003,18.197478744100728,0
167,167,5.019142799604393,18.197478744100728,0
168,168,5.029252510017782,18.197478744100728,0
169,169,5.039362220431172,18.197478744100728,0
170,170,5.049471930844562,18.197478744100728,0
171,171,5.059581641257951,18.197478744100728,0
172,172,5.069691351671341,18.197478744100728,0
173,173,5.07980106208473,18.197478744100728,0
174,174,5.08991077249812,18.197478744100728,0
175,175,5.10002048291151,18.197478744100728,0
176,176,5.110130193324899,18.197478744100728,0
177,177,5.120239903738289,18.197478744100728,0
178,178,5.130349614151679,18.197478744100728,0
179,179,5.140459324565068,18.197478744100728,0
180,180,5.150569034978457,18.197478744100728,0
181,181,5.160678745391848,18.197478744100728,0
182,182,5.170788455805237,18.197478744100728,0
183,183,5.180898166218626,18.197478744100728,0
184,184,5.191007876632016,18.197478744100728,0
185,185,5.201117587045406,18.197478744100728,0
186,186,5.211227297458795,18.197478744100728,0
187,187,5.221337007872185,18.197478744100728,0
188,188,5.231446718285575,18.197478744100728,0
189,189,5.241556428698964,18.197478744100728,0
190,190,5.251666139112354,18.197478744100728,0
191,191,5.261775849525743,18.197478744100728,0
192,192,5.271885559939133,18.197478744100728,0
193,193,5.281995270352523,18.197478744100728,0
194,194,5.292104980765912,18.197478744100728,0
195,195,5.302214691179302,18.197478744100728,0
196,196,5.312324401592692,18.197478744100728,0
197,197,5.322434112006081,18.197478744100728,0
198,198,5.332543822419471,18.197478744100728,0
199,199,5.342653532832861,18.197478744100728,0
200,200,5.35276324324625,18.197478744100728,0
201,201,5.36287295365964,18.197478744100728,0
202,202,5.37298266407303,18.197478744100728,0
203,203,5.383092374486419,18.197478744100728,0
204,204,5.393202084899809,18.197478744100728,0
205,205,5.403311795313198,18.197478744100728,0
206,206,5.413421505726588,18.197478744100728,0
207,207,5.423531216139978,18.197478744100728,0
208,208,5.433640926553367,18.197478744100728,0
209,209,5.443750636966756,18.197478744100728,0
210,210,5.453860347380147,18.197478744100728,0
211,211,5.463970057793536,18.197478744100728,0
212,212,5.474079768206925,18.197478744100728,0
213,213,5.484189478620316,18.197478744100728,0
214,214,5.494299189033705,18.197478744100728,0
215,215,5.504408899447094,18.197478744100728,0
216,216,5.514518609860484,18.197478744100728,0
217,217,5.524628320273874,18.197478744100728,0
218,218,5.534738030687263,18.197478744100728,0
219,219,5.544847741100653,18.197478744100728,0
220,220,5.554957451514043,18.197478744100728,0
221,221,5.565067161927432,18.197478744100728,0
222,222,5.575176872340822,18.197478744100728,0
223,223,5.585286582754211,18.197478744100728,0
224,224,5.595396293167601,18.197478744100728,0
225,225,5.605506003580991,18.197478744100728,0
226,226,5.61561571399438,18.197478744100728,0
227,227,5.62572542440777,18.197478744100728,0
228,228,5.63583513482116,18.197478744100728,0
229,229,5.645944845234549,18.197478744100728,0
230,230,5.6560545556479385,18.197478744100728,0
231,231,5.666164266061329,18.197478744100728,0
232,232,5.676273976474718,18.197478744100728,0
233,233,5.6863836868881075,18.197478744100728,0
234,234,5.696493397301497,18.197478744100728,0
235,235,5.706603107714887,18.197478744100728,0
236,236,5.7167128181282765,18.197478744100728,0
237,237,5.726822528541666,18.197478744100728,0
238,238,5.736932238955056,18.197478744100728,0
239,239,5.7470419493684455,18.197478744100728,0
240,240,5.757151659781835,18.197478744100728,0
241,241,5.767261370195224,18.197478744100728,0
242,242,5.7773710806086145,18.197478744100728,0
243,243,5.787480791022004,18.197478744100728,0
244,244,5.797590501435393,18.197478744100728,0
245,245,5.8077002118487835,18.197478744100728,0
246,246,5.817809922262173,18.197478744100728,0
247,247,5.827919632675562,18.197478744100728,0
248,248,5.838029343088952,18.197478744100728,0
249,249,5.848139053502342,18.197478744100728,0
250,250,5.858248763915731,18.197478744100728,0
251,251,5.868358474329121,18.197478744100728,0
252,252,5.878468184742511,18.197478744100728,0
253,253,5.8885778951559,18.197478744100728,0
254,254,5.89868760556929,18.197478744100728,0
255,255,5.908797315982679,18.197478744100728,0
256,256,5.918907026396069,18.197478744100728,0
257,257,5.929016736809459,18.197478744100728,0
258,258,5.939126447222848,18.197478744100728,0
259,259,5.949236157636237,18.197478744100728,0
260,260,5.959345868049628,18.197478744100728,0
261,261,5.969455578463017,18.197478744100728,0
262,262,5.979565288876406,18.197478744100728,0
263,263,5.989674999289797,18.197478744100728,0
264,264,5.999784709703186,18.197478744100728,0
265,265,6.009894420116575,18.197478744100728,0
266,266,6.020004130529965,18.197478744100728,0
267,267,6.030113840943355,18.197478744100728,0
268,268,6.040223551356744,18.197478744100728,0
269,269,6.050333261770134,18.197478744100728,0
270,270,6.060442972183524,18.197478744100728,0
271,271,6.070552682596913,18.197478744100728,0
272,272,6.080662393010303,18.197478744100728,0
273,273,6.090772103423692,18.197478744100728,0
274,274,6.100881813837082,18.197478744100728,0
275,275,6.110991524250472,18.197478744100728,0
276,276,6.121101234663861,18.197478744100728,0
277,277,6.131210945077251,18.197478744100728,0
278,278,6.141320655490641,18.197478744100728,0
279,279,6.15143036590403,18.197478744100728,0
280,280,6.1615400763174195,18.197478744100728,0
281,281,6.17164978673081,18.197478744100728,0
282,282,6.181759497144199,18.197478744100728,0
283,283,6.1918692075575885,18.197478744100728,0
284,284,6.201978917970978,18.197478744100728,0
285,285,6.212088628384368,18.197478744100728,0
286,286,6.2221983387977575,18.197478744100728,0
287,287,6.232308049211147,18.197478744100728,0
288,288,6.242417759624537,18.197478744100728,0
289,289,6.2525274700379265,18.197478744100728,0
290,290,6.262637180451316,18.197478744100728,0
291,291,6.272746890864705,18.197478744100728,0
292,292,6.2828566012780955,18.197478744100728,0
293,293,6.292966311691485,18.197478744100728,0
294,294,6.303076022104874,18.197478744100728,0
295,295,6.3131857325182645,18.197478744100728,0
296,296,6.323295442931654,18.197478744100728,0
297,297,6.333405153345043,18.197478744100728,0
298,298,6.343514863758433,18.197478744100728,0
299,299,6.353624574171823,18.197478744100728,0
300,300,6.363734284585212,18.197478744100728,0
301,301,6.373843994998602,18.197478744100728,0
302,302,6.383953705411992,18.197478744100728,0
303,303,6.394063415825381,18.197478744100728,0
304,304,6.404173126238771,18.197478744100728,0
305,305,6.41428283665216,18.197478744100728,0
306,306,6.42439254706555,18.197478744100728,0
307,307,6.43450225747894,18.197478744100728,0
308,308,6.444611967892329,18.197478744100728,0
309,309,6.454721678305718,18.197478744100728,0
310,310,6.464831388719109,18.197478744100728,0
311,311,6.474941099132498,18.197478744100728,0
312,312,6.485050809545887,18.197478744100728,0
313,313,6.495160519959278,18.197478744100728,0
314,314,6.505270230372667,18.197478744100728,0
315,315,6.515379940786056,18.197478744100728,0
316,316,6.525489651199446,18.197478744100728,0
317,317,6.535599361612836,18.197478744100728,0
318,318,6.545709072026225,18.197478744100728,0
319,319,6.555818782439615,18.197478744100728,0
320,320,6.565928492853005,18.197478744100728,0
321,321,6.576038203266394,18.197478744100728,0
322,322,6.586147913679784,18.197478744100728,0
323,323,6.596257624093173,18.197478744100728,0
324,324,6.606367334506563,18.197478744100728,0
325,325,6.616477044919953,18.197478744100728,0
326,326,6.626586755333342,18.197478744100728,0
327,327,6.636696465746732,18.197478744100728,0
328,328,6.646806176160122,18.197478744100728,0
329,329,6.656915886573511,18.197478744100728,0
330,330,6.667025596986901,18.197478744100728,0
331,331,6.677135307400291,18.197478744100728,0
332,332,6.68724501781368,18.197478744100728,0
333,333,6.69735472822707,18.197478744100728,0
334,334,6.707464438640459,18.197478744100728,0
335,335,6.717574149053849,18.197478744100728,0
336,336,6.727683859467239,18.197478744100728,0
337,337,6.737793569880628,18.197478744100728,0
338,338,6.747903280294018,18.197478744100728,0
339,339,6.758012990707408,18.197478744100728,0
340,340,6.768122701120797,18.197478744100728,0
341,341,6.778232411534186,18.197478744100728,0
342,342,6.788342121947577,18.197478744100728,0
343,343,6.798451832360966,18.197478744100728,0
344,344,6.808561542774355,18.197478744100728,0
345,345,6.818671253187746,18.197478744100728,0
346,346,6.828780963601135,18.197478744100728,0
347,347,6.838890674014524,18.197478744100728,0
348,348,6.849000384427914,18.197478744100728,0
349,349,6.859110094841304,18.197478744100728,0
350,350,6.869219805254693,18.197478744100728,0
351,351,6.879329515668083,18.197478744100728,0
352,352,6.889439226081473,18.197478744100728,0
353,353,6.899548936494862,18.197478744100728,0
354,354,6.909658646908252,18.197478744100728,0
355,355,6.919768357321641,18.197478744100728,0
356,356,6.929878067735031,18.197478744100728,0
357,357,6.939987778148421,18.197478744100728,0
358,358,6.95009748856181,18.197478744100728,0
359,359,6.9602071989751995,18.197478744100728,0
360,360,6.97031690938859,18.197478744100728,0
361,361,6.980426619801979,18.197478744100728,0
362,362,6.9905363302153685,18.197478744100728,0
363,363,7.000646040628759,18.19855137121675,0.0010726271160237388
364,364,7.010756346946101,18.215012278474116,0.01646090725736471
365,365,7.02087579821192,18.230889097668587,0.015876819194470926
366,366,7.031004069932847,18.24619845898341,0.015309361314823633
367,367,7.041140846854504,18.257586008688282,0.011387549704870992
368,368,7.051283950192665,18.241085645006187,-0.016500363682094843
369,369,7.061417886662112,18.22274029364734,-0.018345351358846074
370,370,7.071541631269694,18.202611595274846,-0.020128698372495535
371,371,7.081654193267069,18.180759404644363,-0.021852190630482937
372,372,7.091754615158538,18.157241864178744,-0.023517540465618936
373,373,7.1018419717497485,18.132115479450636,-0.025126384728107354
374,374,7.111915369238332,18.105435195488482,-0.02668028396215405
375,375,7.121973944346937,18.07725447293977,-0.0281807225487114
376,376,7.13201686349857,18.0476253632406,-0.029629109699172318
377,377,7.142043322033703,18.016598582052225,-0.03102678118837332
378,378,7.152052543468177,17.984223580333182,-0.03237500171904273
379,379,7.162043778790585,17.950548612517967,-0.03367496781521595
380,380,7.1720163057975395,17.915620801370263,-0.03492781114770338
381,381,7.181969428464967,17.879486199170064,-0.036134602200199595
382,382,7.191902476353395,17.84218984497909,-0.03729635419097477
383,383,7.201814804045051,17.80377581780742,-0.03841402717166886
384,384,7.211705790610499,17.76428728557602,-0.03948853223139892
385,385,7.221574839102486,17.72376654983605,-0.04052073573997106
386,386,7.231421376074616,17.682255086264682,-0.04151146357136781
387,387,7.241244851122541,17.639793581008536,-0.04246150525614567
388,388,7.2510447364453245,17.59642196299367,-0.04337161801486644
389,389,7.260820526424765,17.552179432360038,-0.044242530633631816
390,390,7.2705717372205205,17.50710448521239,-0.04507494714764704
391,391,7.280297906378972,17.461234934908504,-0.04586955030388751
392,392,7.28999859245392,17.4146079301281,-0.04662700478040449
393,393,7.299673374637325,17.367259969984243,-0.04734796014385623
394,394,7.309321852398427,17.31922691645151,-0.048033053532734016
395,395,7.31894364512979,17.270544004394853,-0.048682912056655425
396,396,7.328538391798898,17.221245849486262,-0.04929815490859113
397,397,7.338105750604169,17.171366454299978,-0.04987939518628437
398,398,7.347645398634335,17.120939212870432,-0.05042724142954569
399,399,7.357157031530375,17.069996913996405,-0.0509422988740269
400,400,7.366640363149262,17.018571743563296,-0.05142517043310946
401,401,7.3760951252290194,16.966695286145846,-0.05187645741744973
402,402,7.385521067054656,16.91439852614312,-0.05229676000272576
403,403,7.394917955124736,16.86171184867986,-0.05268667746326017
404,404,7.404285572818447,16.808665040497264,-0.05304680818259655
405,405,7.413623720063168,16.755287291035867,-0.05337774946139717
406,406,7.422932213002632,16.701607193897363,-0.05368009713850341
407,407,7.432210883665909,16.647652748856345,-0.05395444504101832
408,408,7.441459579637495,16.598542179499773,-0.04911056935657143
409,409,7.450680991959439,16.576478286455107,-0.022063893044666827
410,410,7.459890146563025,16.5544185548299,-0.02205973162520536
411,411,7.469087045760153,16.53236296338242,-0.022055591447482925
412,412,7.478271691850921,16.510311491011848,-0.02205147237057048
413,413,7.487444087123706,16.4882641167574,-0.02204737425444847
414,414,7.496604233855238,16.466220819796543,-0.02204329696085594
415,415,7.50575213431068,16.444181579444358,-0.02203924035218563
416,416,7.514887790743704,16.422146375151836,-0.02203520429252137
417,417,7.524011205396566,16.40011518650545,-0.022031188646387534
418,418,7.53312238050018,16.378087993225222,-0.022027193280226953
419,419,7.542221318274194,16.35606477516412,-0.022023218061100636
420,420,7.551308020927063,16.33404551230676,-0.022019262857362776
421,421,7.560382490656123,16.312030184768318,-0.022015327538440488
422,422,7.56944472964766,16.29001877279333,-0.022011411974986572
423,423,7.57849474007699,16.2680112567548,-0.02200751603853135
424,424,7.5875325241085205,16.246007617153047,-0.022003639601752667
425,425,7.596558083895828,16.224007834614408,-0.021999782538639323
426,426,7.605571421581725,16.202011889890624,-0.021995944723784078
427,427,7.614572539298331,16.180019763857317,-0.021992126033307358
428,428,7.6235614391671405,16.15803143751348,-0.021988326343837628
429,429,7.632538123299092,16.136046891979912,-0.021984545533566546
430,430,7.641502593794637,16.11406610849862,-0.021980783481293287
431,431,7.6504548527438025,16.0920890684315,-0.021977040067120868
432,432,7.659394902226265,16.070115753259635,-0.02197331517186285
433,433,7.66832274431141,16.048146144582116,-0.021969608677519403
434,434,7.677238381058399,16.026180224115194,-0.02196592046692203
435,435,7.68614181451624,16.0042179736911,-0.02196225042409239
436,436,7.6950330467238475,15.982259375257351,-0.021958598433750254
437,437,7.7039120797101015,15.960304410875652,-0.02195496438169897
438,438,7.712778915493922,15.938353062721049,-0.021951348154603423
439,439,7.721633556084322,15.91640531308085,-0.021947749640199632
440,440,7.7304760034804785,15.894461144353926,-0.021944168726923508
441,441,7.739306259671785,15.872520539049596,-0.021940605304330063
442,442,7.748124326637924,15.850583479786842,-0.021937059262754133
443,443,7.756930206348917,15.828649949293323,-0.021933530493518205
444,444,7.765723900765191,15.806719930404759,-0.021930018888564717
445,445,7.774505411837637,15.7847934060637,-0.02192652434105824
446,446,7.783274741507673,15.76287035931876,-0.021923046744941388
447,447,7.7920318917072935,15.740950773323938,-0.021919585994821134
448,448,7.800776864359141,15.719034631337657,-0.021916141986281445
449,449,7.809509661376551,15.6971219167218,-0.021912714615856643
450,450,7.818230284663619,15.675212612941094,-0.021909303780706324
451,451,7.826938736115253,15.653306703562176,-0.021905909378917343
452,452,7.835635017617232,15.631404172252672,-0.021902531309503814
453,453,7.8443191310462606,15.60950500278068,-0.02189916947199322
454,454,7.852991078270028,15.58760917901365,-0.021895823767028588
455,455,7.861650861147258,15.565716684917822,-0.021892494095828496
456,456,7.870298481527769,15.543827504557175,-0.02188918036064713
457,457,7.878933941252523,15.521941622093111,-0.021885882464063755
458,458,7.887557242153686,15.500059021783063,-0.021882600310048517
459,459,7.8961683860546765,15.478179687980322,-0.02187933380274032
460,460,7.904767374770221,15.456303605132849,-0.021876082847473555
461,461,7.913354210106405,15.434430757782861,-0.021872847349987623
462,462,7.92192889386073,15.412561130565775,-0.021869627217085963
463,463,7.930491427822155,15.390694708209622,-0.02186642235615288
464,464,7.939041813771161,15.368831475534495,-0.02186323267512691
465,465,7.947580053479792,15.346971417451531,-0.02186005808296443
466,466,7.956106148711709,15.325114518962208,-0.021856898489323484
467,467,7.964620101222244,15.303260765157862,-0.02185375380434529
468,468,7.973121912758443,15.281410141218986,-0.021850623938876268
469,469,7.981611585059119,15.25956263241417,-0.02184750880481623
470,470,7.990089119854906,15.23771822409978,-0.02184440831439005
471,471,7.9985545188682945,15.215876901719227,-0.021841322380552697
472,472,8.007007783813693,15.19403865080215,-0.021838250917076252
473,473,8.015448916397473,15.172203456963713,-0.021835193838438016
474,474,8.023877918318007,15.15037130590428,-0.021832151059433258
475,475,8.032294791265732,15.128542183408301,-0.021829122495978126
476,476,8.040699536923182,15.106716075343973,-0.021826108064328054
477,477,8.04909215696504,15.084892967662547,-0.021823107681425924
478,478,8.057472653058186,15.063072846397636,-0.021820121264910952
479,479,8.06584102686174,15.041255697664456,-0.021817148733180858
480,480,8.074197280027109,15.019441507659447,-0.02181419000500817
481,481,8.082541414198031,14.997630262659584,-0.021811244999863533
482,482,8.090873431010621,14.975821949021697,-0.021808313637887267
483,483,8.09919333209341,14.954016553181733,-0.021805395839963992
484,484,8.1075011190674,14.93221406165445,-0.021802491527282086
485,485,8.115796793546098,14.910414461032635,-0.021799600621815074
486,486,8.12408035713556,14.888617737986541,-0.021796723046094257
487,487,8.132351811434441,14.866823879263196,-0.021793858723345494
488,488,8.140611158034032,14.845032871686087,-0.021791007577109056
489,489,8.148858398518302,14.823244702154316,-0.021788169531770762
490,490,8.157093534463943,14.801459357642141,-0.02178534451217473
491,491,8.165316567440412,14.779676825198282,-0.021782532443859637
492,492,8.173527499009966,14.757897091945765,-0.02177973325251692
493,493,8.181726330727713,14.736120145080726,-0.021776946865038838
494,494,8.189913064141647,14.7143459718724,-0.02177417320832653
495,495,8.198087700792687,14.692574559662388,-0.02177141221001122
496,496,8.206250242214722,14.670805895863907,-0.02176866379848086
497,497,8.214400689934646,14.64903996796179,-0.02176592790211629
498,498,8.222539045472402,14.627276763511226,-0.0217632044505649
499,499,8.23066531034102,14.60551627013778,-0.021760493373445655
500,500,8.238779486046653,14.583758475536818,-0.021757794600961944
501,501,8.246881574088617,14.562003367472697,-0.021755108064121842
502,502,8.254971575959436,14.540250933778536,-0.0217524336941608
503,503,8.263049493144868,14.518501162355506,-0.02174977142303014
504,504,8.271115327123955,14.496754041172482,-0.02174712118302402
505,505,8.279169079369051,14.475009558265445,-0.02174448290703701
506,506,8.287210751345865,14.453267701736994,-0.0217418565284504
507,507,8.295240344513497,14.431528459755937,-0.02173924198105759
508,508,8.303257860324473,14.409791820556643,-0.02173663919929325
509,509,8.311263300224782,14.388057772438795,-0.02173404811784785
510,510,8.319256665653915,14.366326303766677,-0.021731468672118837
511,511,8.327237958044897,14.344597402968668,-0.021728900798008155
512,512,8.335207178824325,14.322871058537219,-0.021726344431449718
513,513,8.343164329412401,14.301147259027696,-0.02172379950952319
514,514,8.351109411222971,14.279425993058574,-0.021721265969121717
515,515,8.359042425663558,14.257707249310515,-0.0217187437480586
516,516,8.366963374135398,14.235991016526148,-0.021716232784367406
517,517,8.37487225803347,14.214277283509507,-0.021713733016641257
518,518,8.382769078746529,14.192566039125692,-0.021711244383814332
519,519,8.390653837657155,14.170857272300227,-0.02170876682546563
520,520,8.398526536141766,14.149150972019044,-0.021706300281183033
521,521,8.406387175570666,14.127447127327395,-0.021703844691648655
522,522,8.41423575730807,14.105745727330012,-0.021701399997382964
523,523,8.422072282712143,14.084046761190388,-0.021698966139624076
524,524,8.429896753135026,14.062350218130497,-0.02169654305989077
525,525,8.437709169922876,14.040656087430047,-0.021694130700449676
526,526,8.445509534415892,14.018964358426606,-0.021691729003441296
527,527,8.453297847948352,13.997275020514671,-0.02168933791193517
528,528,8.461074111848639,13.975588063145564,-0.021686957369107418
529,529,8.468838327439276,13.953903475826944,-0.02168458731861911
530,530,8.476590496036957,13.93222124812231,-0.021682227704634016
531,531,8.48433061895258,13.910541369650765,-0.021679878471545067
532,532,8.492058697491276,13.888863830086416,-0.021677539564349146
533,533,8.499774732952433,13.867188619158233,-0.021675210928183475
534,534,8.507478726629744,13.845515726649493,-0.021672892508739494
535,535,8.515170679811217,13.823845142397454,-0.02167058425203905
536,536,8.522850593779214,13.802176856292752,-0.021668286104702617
537,537,8.530518469810488,13.780510858279392,-0.021665998013359555
538,538,8.538174309176199,13.758847138354247,-0.021663719925145486
539,539,8.545818113141951,13.737185686566361,-0.021661451787885255
540,540,8.553449882967822,13.715526493017107,-0.021659193549254496
541,541,8.561069619908388,13.693869547859403,-0.021656945157703333
542,542,8.568677325212754,13.672214841297547,-0.021654706561855974
543,543,8.576273000124585,13.65056236358679,-0.021652477710757623
544,544,8.583856645882134,13.62891210503297,-0.021650258553819413
545,545,8.591428263718264,13.607264055992216,-0.021648049040754458
546,546,8.598987854860482,13.585618206870482,-0.021645849121734173
547,547,8.606535420530966,13.563974548123388,-0.021643658747093397
548,548,8.61407096194659,13.542333070255617,-0.02164147786777093
549,549,8.621594480318954,13.520693763820784,-0.021639306434833472
550,550,8.62910597685441,13.499056619421019,-0.021637144399765162
551,551,8.636605452754088,13.477421627706612,-0.021634991714407192
552,552,8.644092909213926,13.455788779375668,-0.021632848330943588
553,553,8.651568347424691,13.434158065173762,-0.021630714201906542
554,554,8.65903176857201,13.412529475893706,-0.02162858928005562
555,555,8.666483173836395,13.390903002375191,-0.021626473518514544
556,556,8.673922564393271,13.369278635504271,-0.021624366870920397
557,557,8.681349941412995,13.347656366213284,-0.02162226929098665
558,558,8.688765306060892,13.326036185480447,-0.021620180732837113
559,559,8.69616865949727,13.304418084329596,-0.021618101150851388
560,560,8.703560002877452,13.282802053829553,-0.021616030500043237
561,561,8.710939337351803,13.261188085094433,-0.021613968735119116
562,562,8.718306664065745,13.239576169282648,-0.021611915811785565
563,563,8.725661984159789,13.217966297597064,-0.021609871685583926
564,564,8.733005298769566,13.196358461284506,-0.02160783631255825
565,565,8.740336609025835,13.174752651635568,-0.021605809648937324
566,566,8.747655916054521,13.153148859984087,-0.021603791651481075
567,567,8.754963220976736,13.131547077707172,-0.02160178227691567
568,568,8.762258524908795,13.109947296224636,-0.021599781482535718
569,569,8.769541828962252,13.088349506998812,-0.021597789225824116
570,570,8.77681313424392,13.066753701534243,-0.021595805464569295
571,571,8.784072441855882,13.045159871377397,-0.021593830156845684
572,572,8.791319752895536,13.023568008116428,-0.02159186326096929
573,573,8.7985550684556,13.001978103380763,-0.02158990473566469
574,574,8.805778389624146,12.98039014884104,-0.021587954539722176
575,575,8.812989717484614,12.958804136208563,-0.02158601263247739
576,576,8.820189053115842,12.937220057235173,-0.02158407897339032
577,577,8.827376397592083,12.915637903712947,-0.021582153522226477
578,578,8.834551751983033,12.894057667474025,-0.021580236238921913
579,579,8.841715117353852,12.872479340390054,-0.02157832708397045
580,580,8.848866494765181,12.850902914372309,-0.02157642601774512
581,581,8.856005885273165,12.82932838137109,-0.021574533001219365
582,582,8.863133289929483,12.807755733375647,-0.021572647995443006
583,583,8.870248709781357,12.78618496241376,-0.021570770961886865
584,584,8.877352145871587,12.764616060551784,-0.021568901861975576
585,585,8.88444359923856,12.743049019893878,-0.02156704065790649
586,586,8.891523070916278,12.721483832582374,-0.02156518731150392
587,587,8.898590561934379,12.699920490796945,-0.021563341785428847
588,588,8.905646073318156,12.67835898675475,-0.021561504042194812
589,589,8.912689606088575,12.656799312709966,-0.021559674044784316
590,590,8.919721161262302,12.635241460953658,-0.021557851756307755
591,591,8.926740739851722,12.613685423813429,-0.021556037140229023
592,592,8.933748342864952,12.592131193653241,-0.02155423016018787
593,593,8.940743971305869,12.570578762873227,-0.02155243078001412
594,594,8.947727626174133,12.5490281239093,-0.021550638963926616
595,595,8.954699308465194,12.527479269233012,-0.021548854676288087
596,596,8.961659019170323,12.50593219135129,-0.021547077881722387
597,597,8.968606759276629,12.484386882806213,-0.02154530854507719
598,598,8.975542529767077,12.462843336174767,-0.02154354663144531
599,599,8.982466331620508,12.441301544068677,-0.021541792106090085
600,600,8.989378165811656,12.419761499133962,-0.021540044934715397
601,601,8.996278033311174,12.398223194050997,-0.021538305082964726
602,602,9.003165935085649,12.376686621534049,-0.021536572516948738
603,603,9.010041872097611,12.355151774331214,-0.02153484720283494
604,604,9.016905845305573,12.333618645224071,-0.021533129107142557
605,605,9.02375785566403,12.312087227027519,-0.021531418196552465
606,606,9.030597904123491,12.290557512589618,-0.021529714437900083
607,607,9.037425991630485,12.26902949479113,-0.02152801779848801
608,608,9.044242119127592,12.247503166545632,-0.02152632824549805
609,609,9.05104628755345,12.225978520799094,-0.02152464574653834
610,610,9.057838497842782,12.204455550529657,-0.02152297026943728
611,611,9.06461875092641,12.182934248747491,-0.02152130178216538
612,612,9.07138704773127,12.16141460849458,-0.021519640252911643
613,613,9.078143389180433,12.13989662284449,-0.021517985650090665
614,614,9.084887776193124,12.11838028490211,-0.02151633794237995
615,615,9.091620209684736,12.096865587803556,-0.021514697098552915
616,616,9.09834069056685,12.075352524715862,-0.02151306308769385
617,617,9.105049219747249,12.053841088836888,-0.021511435878974083
618,618,9.111745798129935,12.032331273394925,-0.021509815441962843
619,619,9.118430426615156,12.010823071648751,-0.021508201746174294
620,620,9.125103106099406,11.989316476887181,-0.02150659476157024
621,621,9.131763837475454,11.96781148242903,-0.02150499445815157
622,622,9.138412621632359,11.946308081622922,-0.021503400806107464
623,623,9.145049459455482,11.924806267846929,-0.02150181377599303
624,624,9.151674351826507,11.90330603450855,-0.02150023333837936
625,625,9.158287299623458,11.881807375044508,-0.021498659464041836
626,626,9.164888303720705,11.860310282920409,-0.02149709212409867
627,627,9.171477364988995,11.838814751630625,-0.021495531289783543
628,628,9.178054484295457,11.817320774698295,-0.021493976932330128
629,629,9.184619662503621,11.795828345674794,-0.021492429023501458
630,630,9.191172900473441,11.774337458139797,-0.021490887534996617
631,631,9.197714199061299,11.752848105701013,-0.021489352438784692
632,632,9.204243559120021,11.731360281994046,-0.021487823706966225
633,633,9.210760981498906,11.709873980682103,-0.021486301311943734
634,634,9.217266467043729,11.68838919545591,-0.02148478522619257
635,635,9.22376001659676,11.666905920033525,-0.021483275422385262
636,636,9.230241630996778,11.645424148160066,-0.02148177187345901
637,637,9.23671131107909,11.623943873607715,-0.02148027455235102
638,638,9.243169057675537,11.602465090175397,-0.021478783432318238
639,639,9.249614871614524,11.5809877916886,-0.021477298486797025
640,640,9.256048753721016,11.559511971999225,-0.02147581968937473
641,641,9.262470704816572,11.53803762498545,-0.021474347013775485
642,642,9.26888072571934,11.51656474455162,-0.02147288043383
643,643,9.275278817244091,11.495093324627854,-0.02147141992376511
644,644,9.281664980202217,11.47362335917015,-0.02146996545770463
645,645,9.288039215401756,11.45215484215998,-0.021468517010170274
646,646,9.294401523647402,11.430687767604235,-0.021467074555744148
647,647,9.300751905740514,11.409222129535149,-0.021465638069086523
648,648,9.307090362479146,11.387757922009916,-0.02146420752523248
649,649,9.31341689465804,11.366295139110596,-0.021462782899320132
650,650,9.319731503068656,11.344833774944222,-0.021461364166373897
651,651,9.326034188499179,11.3233738236422,-0.021459951302022162
652,652,9.332324951734536,11.301915279360452,-0.02145854428174765
653,653,9.338603793556402,11.280458136279126,-0.02145714308132618
654,654,9.344870714743225,11.259002388602553,-0.021455747676572656
655,655,9.351125716070227,11.237548030558994,-0.02145435804355955
656,656,9.357368798309427,11.216095056400373,-0.021452974158620464
657,657,9.36359996222965,11.194643460402485,-0.021451595997888262
658,658,9.369819208596539,11.173193236864432,-0.021450223538053592
659,659,9.376026538172574,11.151744380108662,-0.021448856755769796
660,660,9.38222195171708,11.13029688448091,-0.02144749562775239
661,661,9.388405449986235,11.108850744349782,-0.021446140131127223
662,662,9.394577033733096,11.087405954106918,-0.02144479024286383
663,663,9.400736703707599,11.065962508166576,-0.021443445940342087
664,664,9.406884460656581,11.044520400965608,-0.021442107200968508
665,665,9.413020305323785,11.02307962696335,-0.021440774002257967
666,666,9.419144238449876,11.001640180641331,-0.02143944632201844
667,667,9.425256260772455,10.98020205650331,-0.021438124138020598
668,668,9.43135637302607,10.958765249074954,-0.02143680742835663
669,669,9.437444575942221,10.937329752903825,-0.021435496171129387
670,670,9.44352087024939,10.915895562559212,-0.021434190344612247
671,671,9.449585256673036,10.894462672631905,-0.02143288992730774
672,672,9.455637735935609,10.873031077734092,-0.021431594897812545
673,673,9.461678308756573,10.851600772499356,-0.02143030523473577
674,674,9.467706975852408,10.83017175158232,-0.021429020917036468
675,675,9.47372373793662,10.808744009658705,-0.021427741923615073
676,676,9.479728595719763,10.787317541424903,-0.0214264682338019
677,677,9.485721549909442,10.765892341598208,-0.021425199826694552
678,678,9.491702601210331,10.744468404916462,-0.021423936681745914
679,679,9.497671750324173,10.723045726137887,-0.021422678778575843
680,680,9.503628997949805,10.701624300041173,-0.021421426096713603
681,681,9.50957434478316,10.680204121424989,-0.02142017861618406
682,682,9.515507791517287,10.65878518510822,-0.021418936316768722
683,683,9.521429338842346,10.63736748592964,-0.021417699178579497
684,684,9.527338987445638,10.615951018747667,-0.02141646718197343
685,685,9.53323673801161,10.594535778440555,-0.02141524030711217
686,686,9.539122591221854,10.573121759906028,-0.021414018534526846
687,687,9.544996547755135,10.55170895806118,-0.02141280184484806
688,688,9.55085860828739,10.530297367842334,-0.021411590218846754
689,689,9.556708773491748,10.508886984205006,-0.021410383637327612
690,690,9.562547044038526,10.487477802123712,-0.021409182081294276
691,691,9.568373420595261,10.46606981659186,-0.021407985531851637
692,692,9.574187903826703,10.444663022621627,-0.021406793970232485
693,693,9.579990494394826,10.42325741524371,-0.0214056073779183
694,694,9.585781192958851,10.401852989507534,-0.021404425736175625
695,695,9.591560000175244,10.380449740480678,-0.02140324902685542
696,696,9.597326916697734,10.3590476632491,-0.02140207723157772
697,697,9.603081943177317,10.337646752916902,-0.02140091033219882
698,698,9.60882508026227,10.316247004606165,-0.021399748310736655
699,699,9.61455632859816,10.294848413456902,-0.021398591149262458
700,700,9.62027568882786,10.273450974626833,-0.021397438830069504
701,701,9.625983161591542,10.252054683291425,-0.021396291335408435
702,702,9.631678747526704,10.230659534643616,-0.02139514864780878
703,703,9.637362447268174,10.209265523893793,-0.021394010749823167
704,704,9.643034261448113,10.187872646269588,-0.021392877624204942
705,705,9.648694190696041,10.166480897015944,-0.02139174925364351
706,706,9.654342235638829,10.145090271394722,-0.021390625621222625
707,707,9.659978396900716,10.123700764684868,-0.021389506709853734
708,708,9.665602675103317,10.102312372181972,-0.021388392502895925
709,709,9.67121507086564,10.080925089198539,-0.021387282983432954
710,710,9.676815584804084,10.059538911063612,-0.021386178134926936
711,711,9.682404217532454,10.038153833122687,-0.021385077940925257
712,712,9.687980969661966,10.016769850737706,-0.021383982384980627
713,713,9.693545841801267,9.995386959286762,-0.021382891450944186
714,714,9.699098834556425,9.974005154164256,-0.021381805122505426
715,715,9.70463994853096,9.952624430780514,-0.02138072338374286
716,716,9.710169184325839,9.931244784561786,-0.0213796462187279
717,717,9.715686542539485,9.909866210950284,-0.02137857361150175
718,718,9.72119202376779,9.888488705403724,-0.02137750554656037
719,719,9.726685628604127,9.867112263395635,-0.02137644200808886
720,720,9.732167357639346,9.845736880414853,-0.02137538298078212
721,721,9.7376372114618,9.824362551965743,-0.02137432844910947
722,722,9.743095190657336,9.802989273567821,-0.021373278397922135
723,723,9.748541295809318,9.781617040755913,-0.02137223281190792
724,724,9.753975527498628,9.760245849079743,-0.021371191676170298
725,725,9.759397886303672,9.738875694104099,-0.021370154975643985
726,726,9.764808372800397,9.71750657140856,-0.021369122695539033
727,727,9.77020698756229,9.696138476587581,-0.021368094820978456
728,728,9.775593731160395,9.674771405250077,-0.021367071337504484
729,729,9.780968604163311,9.653405353019583,-0.021366052230494148
730,730,9.786331607137212,9.632040315534056,-0.021365037485526983
731,731,9.791682740645841,9.610676288445758,-0.021364027088297988
732,732,9.797022005250533,9.589313267421288,-0.021363021024470186
733,733,9.802349401510211,9.567951248141128,-0.021362019280159572
734,734,9.8076649299814,9.546590226300076,-0.021361021841052263
735,735,9.812968591218231,9.525230197606579,-0.021360028693496957
736,736,9.818260385772458,9.503871157782994,-0.02135903982358478
737,737,9.82354031419345,9.482513102565504,-0.021358055217490346
738,738,9.828808377028206,9.46115602770377,-0.021357074861732883
739,739,9.834064574821376,9.439799928960937,-0.021356098742833396
740,740,9.839308908115244,9.418444802113736,-0.021355126847200978
741,741,9.844541377449753,9.397090642952026,-0.02135415916171013
742,742,9.849761983362503,9.37573744727895,-0.021353195673075476
743,743,9.854970726388771,9.35438521091078,-0.021352236368171518
744,744,9.860167607061499,9.333033929676835,-0.02135128123394381
745,745,9.865352625911319,9.311683599419238,-0.02135033025759725
746,746,9.870525783466553,9.290334215993049,-0.021349383426189306
747,747,9.875687080253215,9.26898577526603,-0.021348440727019025
748,748,9.880836516795029,9.247638273118458,-0.021347502147571973
749,749,9.885974093613429,9.226291705443224,-0.02134656767523424
750,750,9.891099811227564,9.204946068145743,-0.021345637297480735
751,751,9.89621367015431,9.18360135714355,-0.02134471100219315
752,752,9.90131567090828,9.162257568366618,-0.02134378877693166
753,753,9.906405814001817,9.140914697756955,-0.021342870609663223
754,754,9.911484099945014,9.119572741268653,-0.021341956488301506
755,755,9.916550529245718,9.098231694867728,-0.02134104640092538
756,756,9.921605102409533,9.076891554532137,-0.02134014033559062
757,757,9.926647819939829,9.05555231625141,-0.021339238280727812
758,758,9.931678682337745,9.034213976027011,-0.021338340224398067
759,759,9.936697690102205,9.012876529871775,-0.02133744615523625
760,760,9.941704843729912,8.991539973810124,-0.021336556061651635
761,761,9.946700143715363,8.97020430387781,-0.02133566993231284
762,762,9.95168359055085,8.948869516121878,-0.021334787755932894
763,763,9.956655184726474,8.927535606600662,-0.021333909521215944
764,764,9.96161492673014,8.906202571383554,-0.02133303521710772
765,765,9.966562817047576,8.884870406550899,-0.02133216483265521
766,766,9.971498856162325,8.863539108194036,-0.02133129835686276
767,767,9.976423044555768,8.842208672415119,-0.02133043577891769
768,768,9.98133538270711,8.820879095327095,-0.0213295770880233
769,769,9.986235871093402,8.799550373053524,-0.021328722273571188
770,770,9.991124510189543,8.778222501728402,-0.021327871325121706
771,771,9.996001300468281,8.75689547749646,-0.021327024231942104
772,772,10.000866242400225,8.735569296512525,-0.021326180983935572
773,773,10.005719336453843,8.71424395494185,-0.021325341570674894
774,774,10.01056058309548,8.692919448959914,-0.02132450598193536
775,775,10.015389982789346,8.671595774752262,-0.021323674207652132
776,776,10.02020753599754,8.650272928514365,-0.021322846237897153
777,777,10.025013243180048,8.628950906451772,-0.02132202206259315
778,778,10.029807104794743,8.607629704779715,-0.0213212016720572
779,779,10.0345891212974,8.586309319723238,-0.02132038505647671
780,780,10.03935929314169,8.564989747517057,-0.021319572206181192
781,781,10.044117620779197,8.543670984405475,-0.021318763111581873
782,782,10.048864104659424,8.522353026642099,-0.021317957763375972
783,783,10.05359874522978,8.501035870490178,-0.021317156151921424
784,784,10.058321542935607,8.479719512221974,-0.021316358268203217
785,785,10.063032498220176,8.458403948119186,-0.021315564102788898
786,786,10.067731611524687,8.437089174472533,-0.021314773646652796
787,787,10.072418883288282,8.415775187581712,-0.021313986890820757
788,788,10.07709431394805,8.394461983755438,-0.02131320382627422
789,789,10.081757903939026,8.373149559311205,-0.021312424444232647
790,790,10.0864096536942,8.351837910575277,-0.021311648735927946
791,791,10.09104956364452,8.33052703388271,-0.02131087669256715
792,792,10.095677634218898,8.309216925576944,-0.02131010830576585
793,793,10.100293865844218,8.287907582010005,-0.02130934356693892
794,794,10.104898258945335,8.26659899954229,-0.021308582467714388
795,795,10.109490813945081,8.245291174542567,-0.021307824999723834
796,796,10.11407153126427,8.223984103387822,-0.021307071154744506
797,797,10.118640411321708,8.202677782463056,-0.02130632092476681
798,798,10.123197454534187,8.181372208161438,-0.021305574301617725
799,799,10.1277426613165,8.160067376884014,-0.02130483127742444
800,800,10.132276032081435,8.138763285039765,-0.02130409184424842
801,801,10.136797567239789,8.11745992904545,-0.021303355994314543
802,802,10.141307267200371,8.096157305325391,-0.02130262372005909
803,803,10.145805132369995,8.074855410311649,-0.021301895013742467
804,804,10.150291163153502,8.05355424044373,-0.02130116986791819
805,805,10.154765359953748,8.032253792168525,-0.021300448275205497
806,806,10.15922772317162,8.010954061940389,-0.021299730228136582
807,807,10.163678253206031,7.989655046220701,-0.02129901571968773
808,808,10.168116950453932,7.9683567414782255,-0.021298304742475516
809,809,10.17254381531031,7.947059144188577,-0.02129759728964853
810,810,10.176958848168193,7.9257622508345,-0.021296893354077362
811,811,10.181362049418656,7.904466057905519,-0.021296192928980773
812,812,10.185753419450826,7.883170561897962,-0.02129549600755709
813,813,10.19013295865188,7.861875759314895,-0.02129480258306682
814,814,10.194500667407054,7.840581646665995,-0.021294112648900132
815,815,10.198856546099647,7.8192882204673495,-0.02129342619864527
816,816,10.203200595111017,7.797995477241623,-0.021292743225726163
817,817,10.207532814820595,7.776703413517694,-0.02129206372392911
818,818,10.211853205605884,7.755412025830744,-0.021291387686949825
819,819,10.216161767842458,7.734121310722094,-0.021290715108650105
820,820,10.220458501903968,7.712831264739136,-0.02129004598295836
821,821,10.224743408162158,7.691541884435137,-0.021289380303999295
822,822,10.229016486986845,7.67025316636943,-0.021288718065706647
823,823,10.233277738745938,7.648965107106972,-0.021288059262458248
824,824,10.237527163805442,7.627677703218396,-0.021287403888575973
825,825,10.241764762529451,7.606390951280062,-0.021286751938333737
826,826,10.245990535280164,7.585104847873717,-0.021286103406344736
827,827,10.250204482417871,7.563819389586563,-0.021285458287154668
828,828,10.254406604300975,7.542534573011104,-0.021284816575458443
829,829,10.25859690128598,7.521250394745096,-0.021284178266007814
830,830,10.262775373727505,7.499966851391328,-0.021283543353768586
831,831,10.266942021978279,7.478683939557772,-0.021282911833555573
832,832,10.271096846389144,7.457401655857167,-0.021282283700605475
833,833,10.275239847309065,7.43611999690719,-0.021281658949976467
834,834,10.279371025085123,7.414838959330292,-0.021281037576898143
835,835,10.28349038006253,7.3935585397534185,-0.021280419576873655
836,836,10.287597912584614,7.372278734808245,-0.021279804945173453
837,837,10.291693622992842,7.350999541130768,-0.021279193677477437
838,838,10.295777511626802,7.329720955361405,-0.02127858576936248
839,839,10.299849578824224,7.308442974144762,-0.021277981216643482
840,840,10.30390982492097,7.2871655941297035,-0.02127738001505808
841,841,10.307958250251044,7.265888811968985,-0.02127678216071871
842,842,10.311994855146581,7.244612624319545,-0.02127618764944028
843,843,10.31601963993787,7.223337027841937,-0.021275596477607905
844,844,10.320032604953338,7.202062019200632,-0.021275008641304716
845,845,10.324033750519561,7.180787595063714,-0.021274424136917602
846,846,10.328023076961264,7.159513752102792,-0.021273842960922273
847,847,10.332000584601321,7.138240486992924,-0.021273265109868156
848,848,10.335966273760762,7.1169677964124975,-0.021272690580426357
849,849,10.33992014475877,7.095695677043219,-0.02127211936927864
850,850,10.343862197912683,7.07442412556984,-0.021271551473378558
851,851,10.347792433538,7.053153138680194,-0.021270986889646792
852,852,10.351710851948377,7.031882713064989,-0.021270425615204758
853,853,10.355617453455636,7.010612845417779,-0.021269867647209395
854,854,10.359512238369756,6.98934353243489,-0.021269312982889588
855,855,10.363395206998886,6.968074770815106,-0.021268761619784193
856,856,10.367266359649339,6.946806557259845,-0.02126821355526065
857,857,10.371125696625594,6.9255388884728,-0.021267668787045224
858,858,10.374973218230302,6.904271761159997,-0.02126712731280289
859,859,10.378808924764279,6.883005172029626,-0.02126658913037094
860,860,10.382632816526517,6.861739117791917,-0.02126605423770922
861,861,10.38644489381418,6.840473595158981,-0.021265522632935685
862,862,10.3902451569226,6.819208600844835,-0.02126499431414608
863,863,10.394033606145292,6.797944131565106,-0.021264469279729248
864,864,10.39781024177394,6.776680184037132,-0.02126394752797367
865,865,10.401575064098406,6.7554167549796444,-0.02126342905748757
866,866,10.405328073406727,6.734153841112749,-0.02126291386689516
867,867,10.409069269985123,6.712891439157804,-0.021262401954945
868,868,10.412798654117989,6.691629545837234,-0.02126189332057038
869,869,10.416516226087897,6.670368157874537,-0.02126138796269661
870,870,10.420221986175605,6.649107271994037,-0.021260885880500346
871,871,10.423915934660046,6.627846884920836,-0.02126038707320088
872,872,10.427598071818334,6.6065869933806365,-0.021259891540199582
873,873,10.431268397925768,6.585327594099674,-0.021259399280962654
874,874,10.434926913255824,6.564068683804555,-0.021258910295118838
875,875,10.43857361808016,6.5428102592221435,-0.02125842458241145
876,876,10.442208512668618,6.521552317079418,-0.021257942142725916
877,877,10.445831597289217,6.500294854103317,-0.021257462976100427
878,878,10.449442872208165,6.479037867020685,-0.021256987082631795
879,879,10.453042337689844,6.457781352558121,-0.02125651446256427
880,880,10.45662999399682,6.43652530744173,-0.021256045116390787
881,881,10.460205841389843,6.415269728397125,-0.021255579044605177
882,882,10.463769880127842,6.394014612149268,-0.021255116247857586
883,883,10.467322110467926,6.372759955422269,-0.02125465672699889
884,884,10.470862532665382,6.351505754939271,-0.021254200482998087
885,885,10.47439114697368,6.3302520074223825,-0.021253747516888133
886,886,10.47790795364447,6.308998709592378,-0.021253297830004847
887,887,10.481412952927577,6.287745858168747,-0.02125285142363076
888,888,10.484906145071003,6.266493449869349,-0.02125240829939745
889,889,10.48838753032093,6.245241481410481,-0.02125196845886812
890,890,10.491857108921714,6.223989949506511,-0.02125153190397011
891,891,10.495314881115885,6.202738850869885,-0.02125109863662633
892,892,10.498760847144146,6.181488182210902,-0.02125066865898262
893,893,10.502195007245373,6.160237940237559,-0.02125024197334291
894,894,10.505617361656617,6.138988121655457,-0.02124981858210262
895,895,10.509027910613092,6.117738723167554,-0.021249398487902305
896,896,10.512426654348186,6.096489741474047,-0.02124898169350775
897,897,10.51581359309345,6.075241173272243,-0.021248568201803764
898,898,10.519188727078602,6.053993015256331,-0.02124815801591229
899,899,10.52255205653152,6.032745264117292,-0.021247751139038762
900,900,10.525903581678254,6.011497916542554,-0.021247347574737674
901,901,10.529243302742998,5.990250969216132,-0.021246947326422294
902,902,10.532571219948117,5.969004418818154,-0.021246550397977515
903,903,10.535887333514127,5.947758262024802,-0.021246156793352178
904,904,10.539191643659695,5.926512495508214,-0.021245766516588382
905,905,10.542484150601645,5.905267115936141,-0.021245379572072842
906,906,10.545764854554944,5.8840221199718865,-0.021244995964254443
907,907,10.549033755732706,5.862777504274119,-0.0212446156977677
908,908,10.552290854346191,5.841533265496584,-0.021244238777534896
909,909,10.5555361506048,5.820289400288033,-0.02124386520855115
910,910,10.55876964471607,5.799045905291913,-0.02124349499611977
911,911,10.561991336885677,5.77780277714627,-0.021243128145642665
912,912,10.565201227317425,5.756560012483559,-0.02124276466271091
913,913,10.56839931621325,5.7353176079302814,-0.02124240455327797
914,914,10.571585603773212,5.714075560107002,-0.021242047823279542
915,915,10.574760090195493,5.692833865627975,-0.021241694479027018
916,916,10.577922775676397,5.671592521100996,-0.021241344526979233
917,917,10.581073660410341,5.65035152312721,-0.02124099797378598
918,918,10.584212744589857,5.629110868300821,-0.021240654826388372
919,919,10.58734002840558,5.607870553208983,-0.021240315091838546
920,920,10.590455512046251,5.586630574431413,-0.021239978777569668
921,921,10.593559195698711,5.565390928540368,-0.0212396458910451
922,922,10.5966510795479,5.5441516121002055,-0.021239316440162526
923,923,10.599731163776845,5.522912621667329,-0.02123899043287647
924,924,10.60279944856666,5.501673953789766,-0.021238667877563344
925,925,10.605855934096544,5.480435605007138,-0.02123834878262798
926,926,10.608900620543771,5.459197571850235,-0.021238033156902425
927,927,10.611933508083688,5.437959850840838,-0.021237721009397248
928,928,10.61495459688971,5.416722438491477,-0.02123741234936105
929,929,10.617963887133318,5.3954853313051085,-0.021237107186368398
930,930,10.620961378984042,5.3742485257749335,-0.02123680553017504
931,931,10.623947072609472,5.353012018384097,-0.021236507390836934
932,932,10.62692096817524,5.331775805605357,-0.02123621277873955
933,933,10.62988306584502,5.310539883900873,-0.021235921704484184
934,934,10.63283336578052,5.289304249721952,-0.021235634178920826
935,935,10.635771868141477,5.268068899508667,-0.02123535021328493
936,936,10.63869857308565,5.246833829689602,-0.02123506981906509
937,937,10.641613480768811,5.225599036681619,-0.02123479300798259
938,938,10.644516591344745,5.204364516889462,-0.021234519792157514
939,939,10.64740790496524,5.183130266705517,-0.021234250183945313
940,940,10.650287421780074,5.161896282509425,-0.02123398419609135
941,941,10.653155141937024,5.140662560667829,-0.021233721841595887
942,942,10.65601106558184,5.119429097534038,-0.021233463133791375
943,943,10.658855192858248,5.098195889447625,-0.021233208086412603
944,944,10.661687523907942,5.07696293273421,-0.02123295671341552
945,945,10.66450805887057,5.055730223705042,-0.021232709029168184
946,946,10.66731679788374,5.034497758656603,-0.021232465048438343
947,947,10.670113741082995,5.0132655338703,-0.02123222478630371
948,948,10.672898888601813,4.992033545612206,-0.02123198825809336
949,949,10.675672240571597,4.970801790132459,-0.021231755479747427
950,950,10.67843379712167,4.949570263665076,-0.0212315264673828
951,951,10.681183558379264,4.928338962427438,-0.021231301237637723
952,952,10.6839215244695,4.9071078826200685,-0.021231079807369824
953,953,10.6866476955154,4.885877020426,-0.021230862194068223
954,954,10.68936207163786,4.864646372010563,-0.02123064841543698
955,955,10.692064652955642,4.8434159335208,-0.021230438489763692
956,956,10.694755439585375,4.822185701085164,-0.021230232435635266
957,957,10.697434431641534,4.800955670813092,-0.021230030272072042
958,958,10.70010162923643,4.779725838794455,-0.02122983201863704
959,959,10.702757032480205,4.758496201099179,-0.021229637695276082
960,960,10.705400641480816,4.737266753776712,-0.02122944732246701
961,961,10.708032456344027,4.71603749285568,-0.021229260921032278
962,962,10.710652477173392,4.694808414343287,-0.021229078512392974
963,963,10.71326070407025,4.6735795142248415,-0.02122890011844536
964,964,10.715857137133707,4.652350788463313,-0.0212287257615289
965,965,10.718441776460631,4.631122232998683,-0.02122855546462965
966,966,10.721014622145631,4.609893843747629,-0.021228389251054303
967,967,10.723575674281046,4.588665616602784,-0.021228227144844958
968,968,10.726124932956937,4.567437547432258,-0.021228069170526
969,969,10.728662398261067,4.546209632079155,-0.02122791535310231
970,970,10.731188070278888,4.524981866360891,-0.021227765718264457
971,971,10.733701949093534,4.503754246068621,-0.021227620292269656
972,972,10.736204034785793,4.482526766966744,-0.021227479101876945
973,973,10.738694327434107,4.461299424792133,-0.021227342174610975
974,974,10.741172827114546,4.440072215253617,-0.02122720953851598
975,975,10.743639533900799,4.418845134031254,-0.02122708122236361
976,976,10.746094447864149,4.39761817677583,-0.021226957255423784
977,977,10.74853756907347,4.376391339107985,-0.021226837667844833
978,978,10.750968897595197,4.355164616617683,-0.021226722490301775
979,979,10.753388433493315,4.3339380048634135,-0.021226611754269875
980,980,10.755796176829351,4.312711499371498,-0.021226505491915404
981,981,10.758192127662337,4.291485095635357,-0.02122640373614093
982,982,10.760576286048801,4.270258789114834,-0.021226306520523153
983,983,10.762948652042754,4.249032575235207,-0.02122621387962731
984,984,10.765309225695663,4.227806449386647,-0.02122612584855954
985,985,10.767658007056434,4.206580406923225,-0.021226042463422523
986,986,10.769994996171391,4.185354443162168,-0.02122596376105701
987,987,10.77232019308426,4.164128553382985,-0.02122588977918305
988,988,10.77463359783614,4.142902732826599,-0.021225820556385777
989,989,10.776935210465489,4.121676976694401,-0.021225756132198015
990,990,10.779225031008096,4.10045128014743,-0.021225696546970596
991,991,10.781503059497068,4.079225638305335,-0.0212256418420953
992,992,10.783769295962793,4.058000046245513,-0.021225592059821885
993,993,10.78602374043293,4.036774499001964,-0.021225547243549414
994,994,10.788266392932377,4.015548991564431,-0.021225507437532265
995,995,10.790497253483245,3.9943235188772963,-0.02122547268713504
996,996,10.792716322104843,3.973098075838519,-0.02122544303877749
997,997,10.794923598813643,3.9518726572984706,-0.021225418540048224
998,998,10.797119083623253,3.9306472580589418,-0.02122539923952882
999,999,10.799302776544396,3.9094218728718877,-0.02122538518705408
1000,1000,10.80147467758488,3.8881964964382325,-0.021225376433655185
1001,1001,10.803634786749567,3.866971123406731,-0.021225373031501515
1002,1002,10.80578310404035,3.8457457483726545,-0.02122537503407651
1003,1003,10.80791962945611,3.824520365876551,-0.021225382496103506
1004,1004,10.81004436299271,3.8032949704028143,-0.021225395473736697
1005,1005,10.812157304642932,3.7820695563784996,-0.02122541402431466
1006,1006,10.814258454396477,3.7608441181717724,-0.021225438206727176
1007,1007,10.816347812239906,3.7396186500905517,-0.021225468081220722
1008,1008,10.818425378156624,3.718393146381037,-0.021225503709514815
1009,1009,10.820491152126834,3.697167601226192,-0.021225545154845094
1010,1010,10.822545134127516,3.6759420087440775,-0.02122559248211431
1011,1011,10.824587324132374,3.654716362986434,-0.02122564575764363
1012,1012,10.826617722111811,3.6334906579368718,-0.021225705049562116
1013,1013,10.828636328032887,3.6122648875092866,-0.02122577042758511
1014,1014,10.83064314185928,3.591039045546034,-0.021225841963252723
1015,1015,10.832638163551252,3.5698131258160983,-0.021225919729935594
1016,1016,10.834621393065595,3.548587122013409,-0.02122600380268924
1017,1017,10.8365928303556,3.5273610277547496,-0.02122609425865951
1018,1018,10.83855247537102,3.506134836577847,-0.02122619117690272
1019,1019,10.840500328058008,3.484908541939431,-0.021226294638415855
1020,1020,10.842436388359086,3.4636821372130027,-0.02122640472642834
1021,1021,10.844360656213093,3.4424556156868293,-0.021226521526173325
1022,1022,10.846273131555142,3.4212289705615806,-0.021226645125248744
1023,1023,10.848173814316564,3.4000021949482333,-0.021226775613347293
1024,1024,10.850062704424868,3.378775281865498,-0.021226913082735166
1025,1025,10.851939801803681,3.357548224237581,-0.021227057627917212
1026,1026,10.853805106372702,3.336321014891515,-0.021227209346065923
1027,1027,10.855658618047643,3.3150936465546996,-0.021227368336815378
1028,1028,10.857500336740173,3.2938661118522203,-0.02122753470247929
1029,1029,10.859330262357869,3.272638403303975,-0.021227708548245516
1030,1030,10.86114839480415,3.251410513321928,-0.021227889982046833
1031,1031,10.862954733978219,3.2301824342072285,-0.021228079114699483
1032,1032,10.864749279775,3.2089541581470336,-0.02122827606019495
1033,1033,10.866532032085082,3.18772567721141,-0.021228480935623573
1034,1034,10.868302990794644,3.166496983350216,-0.02122869386119408
1035,1035,10.870062155785396,3.1452680683895706,-0.021228914960645273
1036,1036,10.8718095269345,3.1240389240285795,-0.021229144360991103
1037,1037,10.873545104114518,3.1028095418355104,-0.021229382193069135
1038,1038,10.875268887193316,3.08157991324439,-0.02122962859112043
1039,1039,10.876980876034008,3.0603500295509334,-0.021229883693456575
1040,1040,10.878681070494869,3.039119881908661,-0.021230147642272268
1041,1041,10.880369470429262,3.0178894613248097,-0.021230420583851384
1042,1042,10.882046075685553,2.9966587586560482,-0.02123070266876148
1043,1043,10.883710886107028,2.9754277646041225,-0.021230994051925745
1044,1044,10.885363901531809,2.9541964697112246,-0.02123129489289788
1045,1045,10.88700512179276,2.932964864355372,-0.02123160535585278
1046,1046,10.888634546717402,2.9117329387453847,-0.0212319256099871
1047,1047,10.890252176127815,2.8905006829159423,-0.021232255829442437
1048,1048,10.891858009840545,2.869268086722192,-0.021232596193750286
1049,1049,10.893452047666502,2.8480351398343493,-0.02123294688784272
1050,1050,10.895034289410855,2.8268018317320434,-0.021233308102305948
1051,1051,10.896604734872929,2.8055681516984743,-0.02123368003356907
1052,1052,10.898163383846095,2.7843340888141843,-0.021234062884289973
1053,1053,10.899710236117658,2.763099631950834,-0.02123445686335046
1054,1054,10.901245291468742,2.7418647697645344,-0.02123486218629944
1055,1055,10.902768549674166,2.720629490689112,-0.02123527907542222
1056,1056,10.904280010502326,2.6993937829288783,-0.02123570776023387
1057,1057,10.905779673715065,2.678157634451266,-0.02123614847761246
1058,1058,10.907267539067536,2.6569210329792576,-0.021236601472008232
1059,1059,10.908743606308082,2.635683965983146,-0.021237066996111498
1060,1060,10.910207875178072,2.6144464206725138,-0.021237545310632377
1061,1061,10.911660345411779,2.5932083839872773,-0.021238036685236494
1062,1062,10.913101016736217,2.5719698425888002,-0.02123854139847703
1063,1063,10.914529888870987,2.550730782850542,-0.021239059738258348
1064,1064,10.915946961528128,2.5294911908480864,-0.02123959200245551
1065,1065,10.917352234411933,2.508251052349129,-0.02124013849895734
1066,1066,10.918745707218795,2.4870103528026513,-0.02124069954647778
1067,1067,10.920127379637018,2.465769077327963,-0.021241275474688237
1068,1068,10.921497251346644,2.4445272107029354,-0.021241866625027583
1069,1069,10.922855322019258,2.423284737351971,-0.02124247335096463
1070,1070,10.924201591317786,2.402041641333473,-0.02124309601849772
1071,1071,10.925536058896306,2.38079790632643,-0.021243735007042908
1072,1072,10.92685872439982,2.3595535156167773,-0.021244390709652894
1073,1073,10.928169587464051,2.338308452082812,-0.02124506353396516
1074,1074,10.92946864771521,2.3170626981802,-0.021245753902612297
1075,1075,10.930755904769754,2.2958162359262047,-0.02124646225399518
1076,1076,10.932031358234156,2.2745690468830024,-0.02124718904320222
1077,1077,10.933295007704647,2.2533211121403687,-0.021247934742633756
1078,1078,10.934546852766948,2.232072412297712,-0.02124869984265665
1079,1079,10.935786892996003,2.210822927444841,-0.021249484852870815
1080,1080,10.937015127955695,2.1895726371420725,-0.021250290302768704
1081,1081,10.93823155719855,2.168321520399311,-0.02125111674276159
1082,1082,10.939436180265439,2.1470695556539567,-0.02125196474535418
1083,1083,10.940628996685245,2.1258167207479866,-0.021252834905970186
1084,1084,10.941810005974551,2.104562992903466,-0.021253727844520398
1085,1085,10.942979207637274,2.0833083486973645,-0.02125464420610168
1086,1086,10.94413660116433,2.0620527640343367,-0.021255584663027793
1087,1087,10.945282186033237,2.0407962141188465,-0.021256549915490197
1088,1088,10.946415961707746,2.0195386734252074,-0.021257540693639054
1089,1089,10.947537927637429,1.998280115666243,-0.021258557758964347
1090,1090,10.948648083257243,1.9770205137605703,-0.021259601905672776
1091,1091,10.94974642798711,1.9557598397974356,-0.02126067396313469
1092,1092,10.950832961231443,1.9344980650001262,-0.021261774797309396
1093,1093,10.951907682378664,1.9132351596872734,-0.021262905312852798
1094,1094,10.952970590800714,1.8919710932315834,-0.02126406645569001
1095,1095,10.954021685852508,1.870705834016867,-0.021265259214716448
1096,1096,10.955060966871406,1.849439349391882,-0.021266484624985038
1097,1097,10.956088433176625,1.8281716056219202,-0.021267743769961767
1098,1098,10.957104084068638,1.806902567837528,-0.021269037784392264
1099,1099,10.958107918828548,1.7856321999798797,-0.021270367857648242
1100,1100,10.959099936717424,1.7643604647430298,-0.021271735236849887
1101,1101,10.960080136975614,1.7430873235124857,-0.021273141230544024
1102,1102,10.961048518822011,1.721812736300253,-0.021274587212232632
1103,1103,10.962005081453288,1.7005366616754565,-0.021276074624796637
1104,1104,10.96294982404311,1.679259056690549,-0.021277604984907494
1105,1105,10.96388274574127,1.6579798768031648,-0.021279179887384148
1106,1106,10.964803845672828,1.636699075792161,-0.021280801011003936
1107,1107,10.965713122937156,1.6154166056688266,-0.021282470123334285
1108,1108,10.966610576606973,1.5941324165815223,-0.02128418908730434
1109,1109,10.967496205727297,1.5728464567141902,-0.02128595986733206
1110,1110,10.968370009314361,1.5515586721776875,-0.021287784536502707
1111,1111,10.96923198635446,1.5302690068934954,-0.021289665284192072
1112,1112,10.970082135802734,1.5089774024691984,-0.021291604424297006
1113,1113,10.970920456581885,1.4876837980649515,-0.02129360440424688
1114,1114,10.97174694758081,1.4663881302502826,-0.02129566781466896
1115,1115,10.972561607653171,1.4450903328500089,-0.02129779740027371
1116,1116,10.973364435615867,1.4237903367787081,-0.02129999607130073
1117,1117,10.97415543024741,1.402488069862602,-0.02130226691610604
1118,1118,10.974934590286223,1.3811834566472392,-0.021304613215362922
1119,1119,10.975701914428805,1.3598764181902283,-0.021307038457010874
1120,1120,10.976457401327801,1.3385668718373924,-0.021309546352835884
1121,1121,10.977201049589933,1.317254730980424,-0.02131214085696853
1122,1122,10.97793285777381,1.2959399047944504,-0.021314826185973468
1123,1123,10.978652824387584,1.274622297953533,-0.021317606840917325
1124,1124,10.979360947886448,1.253301810321659,-0.021320487631873997
1125,1125,10.98005722666996,1.2319783366169286,-0.021323473704730533
1126,1126,10.980741659079193,1.2106517660452922,-0.02132657057163634
1127,1127,10.981414243393663,1.1893219819018999,-0.021329784143392372
1128,1128,10.982074977828054,1.1679888611348836,-0.02133312076701621
1129,1129,10.982723860528685,1.1466522738686036,-0.02133658726628007
1130,1130,10.983360889569724,1.125312082880941,-0.02134019098766249
1131,1131,10.983986062949102,1.103968143029727,-0.021343939851214078
1132,1132,10.984599378584118,1.0826203006215505,-0.021347842408176554
1133,1133,10.985200834306687,1.0612683927167248,-0.021351907904825662
1134,1134,10.985790427858197,1.0399122463619568,-0.021356146354768013
1135,1135,10.986368156883952,1.0185516777413413,-0.021360568620615528
1136,1136,10.986934018927142,0.9971864912351751,-0.021365186506166145
1137,1137,10.987488011422274,0.9758164783750999,-0.021370012860075227
1138,1138,10.988030131688037,0.9544414166798869,-0.02137506169521297
1139,1139,10.988560376919526,0.9330610683561916,-0.021380348323695286
1140,1140,10.989078744179725,0.9116751788454577,-0.021385889510733946
1141,1141,10.989585230390194,0.8902834751930657,-0.021391703652391958
1142,1142,10.990079832320857,0.8688856642138854,-0.021397810979180365
1143,1143,10.990562546578754,0.8474814304233409,-0.021404233790544458
1144,1144,10.991033369595657,0.8260704336956355,-0.02141099672770541
1145,1145,10.991492297614379,0.8046523066058343,-0.021418127089801176
1146,1146,10.991939326673602,0.7832266514028469,-0.021425655202987448
1147,1147,10.992374452591047,0.7617930365487678,-0.02143361485407902
1148,1148,10.992797670944686,0.7403509927499283,-0.021442043798839516
1149,1149,10.993208977051768,0.7189000083852071,-0.02145098436472126
1150,1150,10.993608365945317,0.6974395242179308,-0.021460484167276306
1151,1151,10.99399583234766,0.6759689272540611,-0.02147059696386966
1152,1152,10.994371370640579,0.6544875435721541,-0.021481383681906996
1153,1153,10.994734974831452,0.6329946299141997,-0.02149291365795436
1154,1154,10.995086638514739,0.6114893637671528,-0.021505266147046953
1155,1155,10.995426354827943,0.5899708315995407,-0.021518532167612126
1156,1156,10.995754116401054,0.5684380148224523,-0.021532816777088404
1157,1157,10.996069915298179,0.5468897729241131,-0.02154824189833915
1158,1158,10.996373742949801,0.5253248230652319,-0.021564949858881244
1159,1159,10.996665590073727,0.5037417151981715,-0.021583107867060414
1160,1160,10.99694544658217,0.48213880147870286,-0.021602913719468597
1161,1161,10.99721330147188,0.4605141983109543,-0.021624603167748557
1162,1162,10.997469142693165,0.43886573878408625,-0.021648459526868058
1163,1163,10.997712956992489,0.41719091241163053,-0.021674826372455713
1164,1164,10.997944729721606,0.39548678785653485,-0.021704124555095683
1165,1165,10.99816444460375,0.37374991250359035,-0.021736875352944496
1166,1166,10.998372083444028,0.35197617997958297,-0.021773732524007383
1167,1167,10.99856762576624,0.33016065243234155,-0.02181552754724142
1168,1168,10.998751048350924,0.30829731756213874,-0.02186333487020281
1169,1169,10.998922324638459,0.28637874917068734,-0.0219185683914514
1170,1170,10.999081423943553,0.2643956209519911,-0.021983128218696246
1171,1171,10.999228310399637,0.24233598952881286,-0.02205963142317824
1172,1172,10.99936294150493,0.22018420030941932,-0.022151789219393536
1173,1173,10.999485266060658,0.19791914749277187,-0.02226505281664745
1174,1174,10.999595221142599,0.17551136380586577,-0.022407783686906102
1175,1175,10.999692727455823,0.152917834561364,-0.022593529244501753
1176,1176,10.999777681808359,0.13007196501858628,-0.02284586954277773
1177,1177,10.999849944011146,0.10686188130586338,-0.0232100837127229
1178,1178,10.999909311722982,0.08307525483703057,-0.02378662646883281
1179,1179,10.999955464642335,0.05821682897617718,-0.024858425860853392
1180,1180,10.9999878073251,0.03046109757663949,-0.02775573139953769
1181,1181,11.000004730157087,0,-0.03046109757663949