1,0.036084329760138846,4,7200.03608432976,0.00007356642152933504
2,0.07216431310626446,4.000020046849867,7200.108248642867,0.0001471239818680213
3,0.10823994951196646,4.000060138134926,7200.2164885923785,0.00022067267994284694
4,0.1443112384506431,4.000120271440211,7200.360799830829,0.0002942125146802101
5,0.18037817939550113,4.000200444350461,7200.541178010224,0.0003677434850061184
6,0.21644077181955573,4.0003006544501245,7200.757618782043,0.00044126558984618897
7,0.25249901519563045,4.000420899323357,7201.010117797239,0.000514778828125648
8,0.2885529089963569,4.000561176554021,7201.2986707062355,0.000588283198769331
9,0.3246024526941749,4.000721483725687,7201.62327315893,0.0006617787007016817
10,0.3606476457613325,4.000901818421628,7201.9839208046915,0.0007352653328467531
11,0.3966884876698846,4.001102178224828,7202.380609292361,0.0008087430941282049
12,0.43272497789169495,4.001322560717979,7202.813334270253,0.0008822119834693066
13,0.4687571158984342,4.001562963483474,7203.2820913861515,0.0009556719997929339
14,0.5047849011615809,4.001823384103417,7203.786876287313,0.0010291231420215714
15,0.5408083331524208,4.002103820159618,7204.327684620465,0.0011025654090773102
16,0.5768274113420471,4.002404269233592,7204.904512031808,0.001175998799881849
17,0.6128421352013591,4.00272472890656,7205.517354167009,0.0012494233133564913
18,0.6488525042010648,4.00306519675945,7206.166206671211,0.00132283894842215
19,0.6848585178116781,4.003425670372895,7206.851065189022,0.0013962457039993434
20,0.7208601755035197,4.003806147327235,7207.571925364526,0.0014696435790081948
21,0.7568574767467176,4.004206625202515,7208.328782841272,0.001543032572368435
22,0.7928504210112046,4.0046271015784844,7209.1216332622835,0.0016164126829993975
23,0.8288390077667227,4.005067574034602,7209.95047227005,0.0016897839098200256
24,0.8648232364828179,4.005528040150028,7210.815295506533,0.0017631462517488639
25,0.9008031066288432,4.00600849750363,7211.716098613162,0.0018364997077040632
26,0.9367786176739584,4.006508943673979,7212.652877230836,0.0019098442766033806
27,0.9727497690871278,4.007029376239353,7213.625626999923,0.0019831799573641748
28,1.0087165603371222,4.007569792777735,7214.63434356026,0.0020565067489034085
29,1.0446789908925194,4.008130190866812,7215.679022551153,0.0021298246501376536
30,1.0806370602217001,4.008710568083974,7216.759659611374,0.002203133659983078
31,1.116590767792853,4.0093109220063194,7217.876250379168,0.002276433777355459
32,1.1525401130739712,4.009931250210649,7219.028790492242,0.002349725001170175
33,1.1884850955328525,4.010571550273467,7220.217275587775,0.0024230073303422063
34,1.2244257146371003,4.011231819770986,7221.441701302411,0.0024962807637861364
35,1.260361969854123,4.011912056279117,7222.702063272265,0.0025695453004161524
36,1.2962938606511352,4.012612257373481,7223.998357132917,0.0026428009391460446
37,1.3322213864951542,4.013332420629398,7225.330578519412,0.0027160476788892027
38,1.368144546853002,4.014072543621896,7226.698723066264,0.0027892855185586173
39,1.4040633411913077,4.014832623925702,7228.102786407456,0.0028625144570668857
40,1.4399777689765016,4.015612659115253,7229.542764176433,0.0029357344933262004
41,1.4758878296748204,4.016412646764685,7231.018652006108,0.003008945626248359
42,1.511793522752304,4.017232584447838,7232.530445528861,0.003082147854744758
43,1.5476948476747963,4.0180724697382555,7234.078140376535,0.0031553411777263934
44,1.5835918039079468,4.018932300209186,7235.661732180443,0.0032285255941038662
45,1.6194843909172056,4.01981207343358,7237.28121657136,0.0033017011027873704
46,1.655372608167831,4.020711786984089,7238.936589179528,0.003374867702686709
47,1.6912564551248812,4.021631438433071,7240.627845634653,0.003448025392711276
48,1.7271359312532177,4.022571025352585,7242.354981565906,0.003521174171770066
49,1.7630110360175075,4.023530545314392,7244.117992601924,0.003594314038771676
50,1.7988817688822198,4.024509995889958,7245.916874370806,0.0036674449926243006
51,1.8347481293116275,4.025509374650448,7247.751622500117,0.003740567032235733
52,1.870610116769805,4.026528679166732,7249.622232616887,0.0038136801565133633
53,1.9064677307206321,4.027567907009382,7251.528700347608,0.003886784364364183
54,1.9423209706277886,4.028627055748671,7253.471021318235,0.003959879654694777
55,1.978169835954759,4.029706122954575,7255.44919115419,0.004032966026411332
56,2.0140143261648276,4.030805106196772,7257.463205480355,0.004106043478419627
57,2.049854440721083,4.031924003044642,7259.513059921076,0.004179112009625041
58,2.085690179086419,4.033062811067264,7261.598750100163,0.004252171618932556
59,2.1215215407235237,4.034221527833424,7263.7202716408865,0.004325222305246734
60,2.1573485250948967,4.035400150911603,7265.877620165981,0.004398264067471755
61,2.1931711316628304,4.036598677869989,7268.070791297644,0.004471296904511376
62,2.228989359889426,4.037817106276469,7270.299780657533,0.004544320815268962
63,2.264803209236583,4.039055433698629,7272.56458386677,0.004617335798647467
64,2.300612679166003,4.040313657703761,7274.865196545936,0.0046903418535494444
65,2.3364177691391887,4.041591775858853,7277.201614315075,0.00476333897887704
66,2.372218478617443,4.042889785730597,7279.573832793692,0.004836327173531993
67,2.408014807061875,4.044207684885385,7281.981847600754,0.004909306436415646
68,2.4438067539333876,4.045545470889308,7284.425654354687,0.004982276766428924
69,2.4795943186926896,4.046903141308159,7286.90524867338,0.0050552381624723525
70,2.515377500800291,4.048280693707433,7289.42062617418,0.0051281906234460556
71,2.5511562997164963,4.049678125652322,7291.971782473896,0.005201134148249737
72,2.586930714901417,4.051095434707721,7294.558713188798,0.005274068735782704
73,2.622700745814963,4.052532618438221,7297.1814139346125,0.005346994384943859
74,2.6584663919168463,4.053989674408118,7299.839880326529,0.0054199110946316935
75,2.6942276526665747,4.055466600181405,7302.534107979196,0.00549281886374429
76,2.7299845275234578,4.056963393321776,7305.26409250672,0.005565717691179322
77,2.7657370159466086,4.058480051392622,7308.029829522667,0.005638607575834063
78,2.8014851173949316,4.060016571957037,7310.8313146400615,0.005711488516605363
79,2.8372288313271437,4.061572952577812,7313.668543471389,0.00578436051238969
80,2.8729681572017514,4.063149190817438,7316.541511628591,0.00585722356208308
81,2.90870309447706,4.064745284238106,7319.450214723069,0.005930077664581161
82,2.9444336426111817,4.0663612304017045,7322.39464836568,0.006002922818779166
83,2.9801598010620225,4.067997026869822,7325.374808166742,0.00607575902357191
84,3.015881569287286,4.0696526712037455,7328.390689736029,0.006148586277853793
85,3.05159894674448,4.071328160964461,7331.442288682774,0.006221404580518816
86,3.087311932890908,4.073023493712652,7334.529600615665,0.006294213930460566
87,3.1230205271836726,4.0747386670087025,7337.652621142849,0.006367014326572216
88,3.1587247290796747,4.076473678412694,7340.811345871929,0.006439805767746532
89,3.1944245380356113,4.078228525484405,7344.0057704099645,0.006512588252875862
90,3.230119953507988,4.0800032057833135,7347.235890363472,0.0065853617808521656
91,3.265810974953089,4.0817977168685955,7350.501701338425,0.006658126350566948
92,3.3014976018270206,4.083612056299125,7353.803198940252,0.006730881960911355
93,3.3371798335856666,4.0854462216334735,7357.140378773837,0.006803628610776077
94,3.3728576696847212,4.08730021042991,7360.513236443522,0.006876366299051418
95,3.4085311095796693,4.089174020246401,7363.921767553102,0.006949095024627255
96,3.4442001527257986,4.091067648640612,7367.365967705828,0.007021814786393064
97,3.4798647985781894,4.092981093169905,7370.845832504406,0.007094525583237897
98,3.515525046591721,4.094914351391337,7374.361357550997,0.007167227414050398
99,3.551180896221073,4.096867420861665,7377.912538447218,0.0072399202777188015
100,3.5868323469207186,4.098840299137343,7381.4993707941385,0.007312604173130923
101,3.6224793981449297,4.100832983774521,7385.121850192283,0.007385279099174167
102,3.658122049347768,4.102845472329046,7388.779972241631,0.007457945054735509
103,3.6937602999831047,4.104877762356462,7392.4737325416145,0.007530602038701537
104,3.729394149504602,4.106929851412008,7396.203126691119,0.007603250049958412
105,3.7650235973657127,4.1090017370506215,7399.968150288485,0.007675889087391869
106,3.8006486430196897,4.111093416826936,7403.7687989315045,0.007748519149887235
107,3.8362692859195895,4.1132048882952805,7407.605068217425,0.007821140236329436
108,3.871885525518252,4.11533614900968,7411.476953742943,0.007893752345602958
109,3.90749736126832,4.117487196523857,7415.384451104212,0.007966355476591884
110,3.9431047926222353,4.119658028391228,7419.3275558968335,0.008038949628179887
111,3.9787078190322283,4.121848642164908,7423.3062637158655,0.008111534799250208
112,4.0143064399503245,4.124059035397703,7427.320570155815,0.008184110988685675
113,4.049900654828355,4.12628920564212,7431.370470810643,0.008256678195368714
114,4.085490463117935,4.128539150450357,7435.455961273761,0.008329236418181313
115,4.1210758642704794,4.130808867374312,7439.577037138031,0.008401785656005053
116,4.156656857737199,4.133098353965573,7443.733693995769,0.008474325907721098
117,4.1922334429691,4.135407607775427,7447.925927438738,0.008546857172210192
118,4.22780561941698,4.1377366263548545,7452.153733058155,0.008619379448352659
119,4.263373386531433,4.140085407254531,7456.417106444686,0.008691892735028404
120,4.298936743762847,4.1424539480248255,7460.7160431884495,0.008764397031116913
121,4.334495690561404,4.144842246215806,7465.050538879011,0.008836892335497254
122,4.370050226377087,4.147250299377228,7469.420589105388,0.008909378647048086
123,4.4056003506596575,4.149678105058549,7473.826189456047,0.008981855964647617
124,4.441146062858691,4.152125660808915,7478.267335518906,0.009054324287173681
125,4.4766873624235455,4.15459296417717,7482.74402288133,0.009126783613503659
126,4.512224248803368,4.15708001271185,7487.2562471301335,0.00919923394251451
127,4.547756721447106,4.159586803961186,7491.804003851581,0.009271675273082784
128,4.583284779803504,4.162113335473101,7496.387288631385,0.009344107604084615
129,4.618808423321094,4.164659604795213,7501.006097054706,0.009416530934395704
130,4.654327651448201,4.167225609474836,7505.660424706154,0.009488945262891334
131,4.689842463632945,4.169811347058975,7510.350267169787,0.00956135058844637
132,4.725352859323242,4.172416815094326,7515.07562002911,0.00963374690993525
133,4.760858837966792,4.1750420111272835,7519.836478867077,0.00970613422623199
134,4.796360399011095,4.177686932703931,7524.632839266088,0.009778512536210182
135,4.831857541903445,4.180351577370049,7529.4646968079915,0.009850881838743004
136,4.867350266090926,4.183035942671107,7534.332047074083,0.009923242132703212
137,4.902838571020406,4.185740026152268,7539.2348856451035,0.009995593416963109
138,4.938322456138562,4.188463825358391,7544.173208101242,0.01006793569039462
139,4.973801920891852,4.191207337834023,7549.147010022134,0.010140268951869216
140,5.0092769647265225,4.1939705611234075,7554.15628698686,0.010212593200257943
141,5.044747587088622,4.196753492770478,7559.201034573949,0.01028490843443144
142,5.080213787423982,4.199556130318861,7564.281248361373,0.0103572146532599
143,5.115675565178233,4.202378471311874,7569.396923926552,0.010429511855613112
144,5.151132919796793,4.205220513292529,7574.548056846348,0.010501800040360432
145,5.186585850724868,4.208082253803527,7579.734642697073,0.010574079206370778
146,5.222034357407465,4.2109636903872625,7584.95667705448,0.01064634935251267
147,5.257478439289372,4.2138648205858225,7590.214155493769,0.010718610477654171
148,5.292918095815166,4.216785641940983,7595.507073589584,0.010790862580662924
149,5.328353326429229,4.219726151994213,7600.835426916014,0.010863105660406174
150,5.363784130575727,4.2226863482866746,7606.199211046589,0.010935339715750714
151,5.3992105076986014,4.225666228359216,7611.598421554288,0.011007564745562895
152,5.434632457241608,4.228665789752382,7617.033054011529,0.011079780748708678
153,5.470049978648279,4.231685030006405,7622.503103990178,0.011151987724053574
154,5.5054630713619375,4.23472394666121,7628.00856706154,0.011224185670462662
155,5.5408717348257,4.237782537256411,7633.549438796365,0.01129637458680061
156,5.576275968482472,4.2408607993313145,7639.1257147648475,0.011368554471931643
157,5.611675771774952,4.243958730424915,7644.737390536622,0.011440725324719575
158,5.6470711441456185,4.247076328075901,7650.384461680767,0.011512887144027761
159,5.682462085036739,4.250213589822649,7656.066923765804,0.011585039928719138
160,5.7178485938903965,4.253370513203224,7661.784772359694,0.011657183677656259
161,5.753230670148423,4.256547095755385,7667.538003029843,0.011729318389701166
162,5.788608313252468,4.259743335016579,7673.3266113430955,0.011801444063715529
163,5.823981522643966,4.2629592285239415,7679.15059286574,0.011873560698560581
164,5.859350297764123,4.2661947738143,7685.0099431635035,0.011945668293097088
165,5.894714638053962,4.269449968424168,7690.904657801558,0.012017766846185446
166,5.930074542954266,4.272724809889755,7696.834732344512,0.012089856356685554
167,5.965430011905625,4.276019295746951,7702.800162356418,0.01216193682345693
168,6.000781044348411,4.279333423531344,7708.800943400766,0.012234008245358634
169,6.036127639722785,4.282667190778204,7714.837071040489,0.012306070621249304
170,6.071469797468696,4.286020595022494,7720.908540837958,0.012378123949987144
171,6.106807517025878,4.289393633798865,7727.015348354984,0.012450168230429921
172,6.142140797833861,4.292786304641658,7733.157489152818,0.012522203461434983
173,6.17746963933195,4.296198605084899,7739.33495879215,0.012594229641859224
174,6.21279404095924,4.299630532662306,7745.547752833109,0.0126662467705591
175,6.248114002154632,4.303082084907283,7751.795866835264,0.012738254846390684
176,6.28342952235679,4.306553259352924,7758.0792963576205,0.012810253868209559
177,6.318740601004179,4.310044053532011,7764.398036958624,0.012882243834870901
178,6.35404723753504,4.313554464977013,7770.75208419616,0.012954224745229436
179,6.389349431387414,4.317084491220089,7777.141433627547,0.013026196598139476
180,6.424647181999117,4.320634129793081,7783.566080809545,0.013098159392454874
181,6.459940488807758,4.3242033782275255,7790.026021298353,0.013170113127029065
182,6.495229351250734,4.32779223405464,7796.521250649604,0.013242057800715051
183,6.530513768765221,4.331400694805335,7803.051764418369,0.013313993412365381
184,6.565793740788187,4.335028758010205,7809.617558159157,0.01338591996083218
185,6.6010692667563875,4.338676421199532,7816.218627425913,0.013457837444967148
186,6.636340346106349,4.342343681903285,7822.854967772019,0.013529745863621503
187,6.671606978274406,4.346030537651122,7829.526574750294,0.013601645215646085
188,6.706869162696663,4.349736985972386,7836.23344391299,0.013673535499891256
189,6.742126898809015,4.353463024396105,7842.975570811799,0.013745416715206958
190,6.777380186047143,4.357208650451,7849.752950997847,0.013817288860442693
191,6.81262902384651,4.36097386166547,7856.565580021693,0.01388915193444752
192,6.847873411642367,4.3647586555676074,7863.413453433335,0.013961005936070062
193,6.8831133488697445,4.368563029685186,7870.2965667822045,0.014032850864158498
194,6.918348834963475,4.372386981545669,7877.214915617168,0.014104686717560598
195,6.953579869358142,4.376230508676205,7884.168495486526,0.01417651349512363
196,6.988806451488152,4.380093608603626,7891.157301938014,0.014248331195694497
197,7.024028580787667,4.383976278854452,7898.181330518802,0.014320139818119604
198,7.0592462566906535,4.38787851695489,7905.240576775493,0.014391939361244959
199,7.094459478630847,4.391800320430829,7912.335036254123,0.014463729823916095
200,7.129668246041765,4.395741686807846,7919.464704500165,0.014535511204978112
201,7.164872558356735,4.399702613611202,7926.629577058521,0.014607283503275705
202,7.200072415008824,4.403683098365845,7933.82964947353,0.014679046717653053
203,7.235267815430933,4.407683138596405,7941.064917288961,0.014750800846953988
204,7.2704587590557015,4.411702731827201,7948.335376048017,0.014822545890021814
205,7.305645245315582,4.415741875582231,7955.641021293332,0.01489428184569945
206,7.3408272736427955,4.419800567385185,7962.981848566975,0.014966008712829345
207,7.376004843469354,4.423878804759431,7970.3578534104445,0.015037726490253521
208,7.411177954227049,4.427976585228024,7977.769031364672,0.015109435176813553
209,7.446346605347455,4.432093906313707,7985.215377970019,0.015181134771350567
210,7.481510796261923,4.4362307655389,7992.6968887662815,0.015252825272705243
211,7.516670526401592,4.440387160425712,8000.213559292683,0.015324506679717818
212,7.551825795197385,4.4445630884959355,8007.7653850878805,0.015396178991228101
213,7.586976602080008,4.448758547271045,8015.35236168996,0.015467842206075446
214,7.62212294647994,4.4529735342722,8022.97448463644,0.015539496323098752
215,7.657264827827456,4.457208047020244,8030.631749464267,0.015611141341136501
216,7.692402245552598,4.461462083035704,8038.3241517098195,0.0156827772590267
217,7.727535199085196,4.465735639838789,8046.051686908904,0.01575440407560692
218,7.76266368785486,4.470028714949391,8053.814350596759,0.01582602178971429
219,7.7977877112909875,4.474341305887088,8061.61213830805,0.015897630400185495
220,7.832907268822751,4.4786734101711385,8069.445045576873,0.015969229905856776
221,7.868022359879105,4.483025025320485,8077.313067936752,0.016040820305563922
222,7.903132983888793,4.487396148853751,8085.216200920641,0.016112401598142284
223,7.93823914028031,4.491786778289245,8093.154440060922,0.016183973782426725
224,7.9733408284819705,4.496196911144956,8101.127780889404,0.01625553685725172
225,8.008438047921846,4.500626544938558,8109.136218937326,0.016327090821451264
226,8.0435307980278,4.505075677187404,8117.179749735354,0.01639863567385892
227,8.078619078227467,4.50954430540853,8125.258368813581,0.01647017141330778
228,8.113702887948259,4.514032427118656,8133.372071701529,0.01654169803863049
229,8.148782226617378,4.518540039834183,8141.520853928147,0.01661321554865928
230,8.183857093661803,4.523067141071192,8149.704711021808,0.016684723942225897
231,8.218927488508294,4.527613728345449,8157.923638510317,0.016756223218161656
232,8.253993410583377,4.532179799172398,8166.1776319209,0.0168277133752974
233,8.289054859313374,4.536765351067166,8174.466686780213,0.016899194412463552
234,8.32411183412438,4.541370381544563,8182.790798614338,0.016970666328490067
235,8.359164334442273,4.545994888119076,8191.149962948781,0.017042129122206463
236,8.394212359692695,4.550638868304878,8199.544175308474,0.01711358279244178
237,8.42925590930108,4.555302319615819,8207.973431217775,0.017185027338024624
238,8.464294982692653,4.559985239565431,8216.437726200467,0.017256462757783184
239,8.499329579292382,4.564687625666926,8224.93705577976,0.01732788905054512
240,8.534359698525048,4.5694094754332,8233.471415478285,0.01739930621513771
241,8.56938533981519,4.574150786376825,8242.0408008181,0.017470714250387744
242,8.604406502587125,4.5789115560100555,8250.645207320687,0.017542113155121556
243,8.639423186264967,4.583691781844826,8259.284630506952,0.017613502928165065
244,8.674435390272585,4.588491461392751,8267.959065897225,0.017684883568343697
245,8.70944311403364,4.593310592165125,8276.668509011259,0.017756255074482443
246,8.744446356971563,4.5981491716729215,8285.41295536823,0.017827617445405834
247,8.779445118509566,4.603007197426795,8294.19240048674,0.01789897067993795
248,8.814439398070634,4.607884666937077,8303.00683988481,0.01797031477690241
249,8.849429195077532,4.6127815777137835,8311.856269079888,0.018041649735122383
250,8.884414508952814,4.6176979272666046,8320.740683588841,0.018112975553420615
251,8.91939533911878,4.622633713104912,8329.66007892796,0.018184292230619323
252,8.954371684997541,4.627588932737756,8338.614450612957,0.018255599765540344
253,8.989343546010959,4.632563583673865,8347.603794158968,0.018326898157005007
254,9.024310921580682,4.637557663421648,8356.628105080548,0.01839818740383421
255,9.05927381112814,4.642571169489194,8365.687378891676,0.018469467504848396
256,9.094232214074536,4.647604099384265,8374.781611105751,0.01854073845886755
257,9.129186129840827,4.652656450614306,8383.910797235592,0.018612000264711163
258,9.164135557847787,4.65772822068644,8393.07493279344,0.01868325292119834
259,9.199080497515938,4.662819407107468,8402.274013290957,0.018754496427147677
260,9.234020948265568,4.667930007383865,8411.508034239223,0.018825730781377302
261,9.26895690951677,4.673060019021791,8420.77699114874,0.01889695598270493
262,9.303888380689392,4.678209439527078,8430.080879529429,0.018968172029947786
263,9.338815361203062,4.683378266405239,8439.419694890632,0.019039378921922652
264,9.373737850477191,4.688566497161462,8448.79343274111,0.01911057665744585
265,9.408655847930941,4.693774129300617,8458.20208858904,0.019181765235333208
266,9.44356935298328,4.699001160327244,8467.645657942023,0.01925294465440016
267,9.478478365052924,4.704247587745568,8477.124136307075,0.019324114913461615
268,9.513382883558378,4.709513409059486,8486.637519190634,0.019395276011332063
269,9.54828290791792,4.714798621772574,8496.185802098551,0.019466427946825522
270,9.583178437549588,4.720103223388084,8505.7689805361,0.019537570718755528
271,9.618069471871221,4.725427211408944,8515.387050007972,0.019608704325935207
272,9.652956010300398,4.730770583337762,8525.040006018273,0.01967982876717716
273,9.6878380522545,4.736133336676819,8534.727844070527,0.019750944041293576
274,9.722715597150671,4.74151546892807,8544.450559667677,0.019822050147096166
275,9.75758864440582,4.746916977593154,8554.208148312084,0.01989314708339616
276,9.79245719343664,4.7523378601733794,8564.00060550552,0.019964234849004357
277,9.827321243659606,4.757778114169733,8573.82792674918,0.020035313442731097
278,9.86218079449093,4.763237737082878,8583.69010754367,0.020106382863386195
279,9.897035845346636,4.7687167264131505,8593.587143389017,0.02017744310977907
280,9.931886395642506,4.774215079660565,8603.51902978466,0.02024849418071866
281,9.966732444794085,4.779732794324811,8613.485762229455,0.020319536075013418
282,10.001573992216693,4.785269867905253,8623.487336221671,0.020390568791471338
283,10.036411037325438,4.790826297900929,8633.523747258996,0.02046159232889997
284,10.071243579535196,4.7964020818105535,8643.594990838532,0.02053260668610641
285,10.106071618260586,4.801997217132517,8653.701062456792,0.020603611861897214
286,10.140895152916045,4.807611701364884,8663.841957609708,0.02067460785507858
287,10.175714182915739,4.813245532005393,8674.017671792624,0.02074559466445614
288,10.210528707673626,4.818898706551458,8684.228200500298,0.020816572288835114
289,10.245338726603434,4.824571222500166,8694.473539226901,0.020887540727020246
290,10.280144239118668,4.830263077348278,8704.75368346602,0.02095849997781583
291,10.314945244632584,4.835974268592234,8715.068628710653,0.02102945004002565
292,10.349741742558228,4.84170479372814,8725.418370453212,0.02110039091245306
293,10.384533732308409,4.847454650251784,8735.80290418552,0.02117132259390093
294,10.419321213295705,4.853223835658623,8746.222225398817,0.021242245083171667
295,10.454104184932467,4.859012347443787,8756.676329583748,0.021313158379067207
296,10.488882646630826,4.864820183102083,8767.165212230379,0.021384062480389036
297,10.523656597802649,4.870647340127988,8777.688868828182,0.02145495738593812
298,10.558426037859615,4.876493816015657,8788.247294866042,0.02152584309451501
299,10.59319096621315,4.882359608258912,8798.840485832256,0.02159671960491977
300,10.627951382274453,4.888244714351253,8809.46843721453,0.02166758691595199
301,10.662707285454488,4.894149131785849,8820.131144499985,0.021738445026410775
302,10.697458675163995,4.900072858055547,8830.828603175149,0.021809293935094787
303,10.732205550813482,4.90601589065286,8841.560808725962,0.021880133640802202
304,10.76694791181323,4.911978227069979,8852.327756637776,0.021950964142330737
305,10.801685757573273,4.917959864798765,8863.12944239535,0.022021785438477614
306,10.836419087503433,4.923960801330749,8873.965861482853,0.022092597528039614
307,10.87114790101329,4.929981034157141,8884.837009383866,0.02216340040981302
308,10.905872197512195,4.936020560768815,8895.742881581378,0.022234194082593667
309,10.94059197640926,4.942079378656321,8906.683473557787,0.022304978545176875
310,10.975307237113368,4.948157485309881,8917.6587807949,0.022375753796357523
311,11.010017979033197,4.9542548782193885,8928.668798773933,0.02244651983493006
312,11.044724201577143,4.960371554874407,8939.713522975511,0.02251727665968836
313,11.079425904153403,4.966507512764173,8950.792948879665,0.022588024269425893
314,11.114123086169942,4.972662749377592,8961.907071965836,0.022658762662935657
315,11.148815747034476,4.978837262203242,8973.05588771287,0.02272949183901014
316,11.183503886154481,4.985031048729372,8984.239391599023,0.022800211796441344
317,11.218187502937258,4.991244106443902,8995.45757910196,0.02287092253402091
318,11.252866596789787,4.997476432834422,9006.710445698749,0.022941624050539823
319,11.287541167118881,5.0037280253881935,9017.997986865868,0.023012316344788744
320,11.322211213331096,5.009998881592149,9029.3201980792,0.023082999415557786
321,11.356876734832753,5.016288998932889,9040.677074814033,0.023153673261636594
322,11.39153773102995,5.022598374896686,9052.068612545063,0.02322433788181437
323,11.426194201328531,5.02892700696948,9063.494806746392,0.02329499327487977
324,11.460846145134127,5.035274892636885,9074.955652891525,0.02336563943962105
325,11.495493561852124,5.041642029384181,9086.451146453377,0.023436276374825933
326,11.530136450887673,5.04802841469632,9097.981282904264,0.02350690407928169
327,11.564774811645696,5.054434046057924,9109.54605771591,0.023577522551775115
328,11.59940864353088,5.060858920953283,9121.145466359441,0.023648131791092514
329,11.63403794594767,5.067303036866356,9132.779504305388,0.02371873179601971
330,11.668662718300277,5.073766391280771,9144.44816702369,0.02378932256534205
331,11.703282959992686,5.080248981679827,9156.151449983681,0.02385990409784441
332,11.737898670428645,5.086750805546489,9167.88934865411,0.023930476392311197
333,11.772509849011648,5.093271860363394,9179.661858503121,0.02400103944752629
334,11.807116495144978,5.099812143612845,9191.468974998266,0.02407159326227314
335,11.841718608231675,5.106371652776815,9203.310693606498,0.024142137835334705
336,11.876316187674528,5.112950385336943,9215.187009794172,0.024212673165493425
337,11.910909232876111,5.11954833877454,9227.097919027048,0.02428319925153131
338,11.945497743238743,5.126165510570583,9239.043416770286,0.024353716092229846
339,11.980081718164527,5.132801898205715,9251.02349848845,0.02442422368637008
340,12.014661157055306,5.13945749916025,9263.038159645504,0.024494722032732525
341,12.04923605931271,5.146132310914169,9275.087395704817,0.024565211130097263
342,12.083806424338107,5.1528263309471205,9287.171202129155,0.02463569097724384
343,12.118372251532662,5.1595395567384195,9299.289574380688,0.024706161572951395
344,12.152933540297262,5.1662719857670485,9311.442507920985,0.02477662291599849
345,12.18749029003259,5.173023615511658,9323.629998211018,0.024847075005163276
346,12.222042500139072,5.179794443450565,9335.852040711157,0.024917517839223382
347,12.256590170016894,5.1865844670617545,9348.108630881174,0.024987951416955947
348,12.291133299066033,5.193393683822874,9360.39976418024,0.025058375737137675
349,12.325671886686198,5.200222091211244,9372.725436066927,0.02512879079854474
350,12.36020593227686,5.207069686703848,9385.085641999203,0.02519919659995282
351,12.39473543523727,5.213936467777335,9397.48037743444,0.025269593140137138
352,12.429260394966432,5.220822431908022,9409.909637829407,0.025339980417872436
353,12.463780810863117,5.227727576571893,9422.37341864027,0.025410358431932956
354,12.498296682325833,5.234651899244595,9434.871715322597,0.025480727181092417
355,12.53280800875289,5.241595397401443,9447.40452333135,0.02555108666412413
356,12.567314789542316,5.248558068517417,9459.971838120893,0.02562143687980084
357,12.601817024091927,5.255539910067163,9472.573655144985,0.02569177782689485
358,12.636314711799296,5.262540919524992,9485.209969856784,0.025762109504177965
359,12.670807852061747,5.26956109436488,9497.880777708846,0.025832431910421498
360,12.705296444276375,5.27660043206047,9510.586074153121,0.025902745044396273
361,12.739780487840019,5.283658930085068,9523.325854640962,0.02597304890487261
362,12.774259982149314,5.290736585911645,9536.10011462311,0.02604334349062041
363,12.8087349266006,5.297833397012839,9548.90884954971,0.026113628800408965
364,12.843205320590027,5.304949360860951,9561.752054870301,0.026183904833007185
365,12.877671163513474,5.312084474927945,9574.629726033814,0.026254171587183427
366,12.91213245476659,5.3192387366854526,9587.541858488581,0.02632442906170558
367,12.946589193744792,5.326412143604768,9600.488447682326,0.02639467725534106
368,12.981041379843225,5.333604693156848,9613.46948906217,0.02646491616685672
369,13.015489012456838,5.340816382812317,9626.484978074628,0.026535145795019033
370,13.049932090980294,5.34804721004146,9639.534910165608,0.026605366138593864
371,13.084370614808044,5.355297172314227,9652.619280780416,0.02667557719634667
372,13.118804583334299,5.362566267100231,9665.738085363751,0.0267457789670424
373,13.153233995953002,5.369854491868751,9678.891319359704,0.02681597144944546
374,13.18765885205787,5.377161844088724,9692.07897821176,0.02688615464231981
375,13.222079151042387,5.384488321228756,9705.301057362803,0.026956328544428917
376,13.256494892299783,5.391833920757113,9718.557552255103,0.027026493154535737
377,13.290906075223038,5.399198640141724,9731.848458330325,0.027096648471402723
378,13.325312699204908,5.406582476850181,9745.17377102953,0.027166794493791856
379,13.359714763637891,5.413985428349738,9758.533485793167,0.027236931220464604
380,13.394112267914258,5.421407492107315,9771.92759806108,0.027307058650181966
381,13.42850521142602,5.428848665589489,9785.356103272507,0.027377176781704416
382,13.46289359356495,5.436308946262503,9798.818996866072,0.02744728561379194
383,13.497277413722587,5.443788331592262,9812.316274279794,0.027517385145204045
384,13.531656671290206,5.45128681904433,9825.847930951084,0.0275874753746997
385,13.566031365658853,5.458804406083935,9839.413962316743,0.02765755630103741
386,13.600401496219343,5.466341090175968,9853.014363812963,0.027727627922975208
387,13.634767062362222,5.47389686878498,9866.649130875325,0.02779769023927058
388,13.6691280634778,5.481471739375181,9880.318258938803,0.027867743248680524
389,13.703484498956144,5.489065699410446,9894.02174343776,0.02793778694996155
390,13.737836368187073,5.496678746354311,9907.759579805946,0.028007821341869663
391,13.772183670560171,5.50431087766997,9921.531763476507,0.028077846423160382
392,13.806526405464771,5.5119620908202815,9935.338289881971,0.028147862192588722
393,13.840864572289966,5.519632383267762,9949.179154454261,0.0282178686489092
394,13.87519817042458,5.52732175247459,9963.054352624686,0.028287865790875794
395,13.90952719925723,5.535030195902603,9976.963879823943,0.02835785361724205
396,13.94385165817625,5.5427577110133015,9990.907731482119,0.028427832126760953
397,13.978171546569765,5.550504295267844,10004.88590302869,0.02849780131818504
398,14.01248686382562,5.55826994612705,10018.898389892514,0.028567761190266293
399,14.04679760933143,5.566054661051397,10032.945187501846,0.028637711741756222
400,14.081103782474568,5.573858437501025,10047.02629128432,0.028707652971405838
401,14.115405382642145,5.581681272935734,10061.141696666962,0.02877758487796563
402,14.149702409221055,5.589523164814979,10075.291399076183,0.02884750746018563
403,14.183994861597904,5.597384110597879,10089.47539393778,0.028917420716815294
404,14.218282739159083,5.605264107743212,10103.69367667694,0.028987324646603627
405,14.252566041290732,5.613163153709411,10117.94624271823,0.02905721924829914
406,14.286844767378733,5.6210812459545725,10132.233087485609,0.029127104520649805
407,14.321118916808711,5.629018381936449,10146.554206402418,0.029196980462403075
408,14.35538848896608,5.6369745591124545,10160.909594891384,0.029266847072305965
409,14.38965348323597,5.644949774939658,10175.29924837462,0.029336704349104927
410,14.423913899003281,5.652944026874789,10189.723162273624,0.02940655229154593
411,14.458169735652666,5.660957312374236,10204.181332009277,0.02947639089837444
412,14.492420992568507,5.6689896288940425,10218.673753001845,0.02954622016833538
413,14.526667669134975,5.677040973889914,10233.20042067098,0.029616040100173234
414,14.560909764735962,5.685111344817211,10247.761330435716,0.029685850692631924
415,14.595147278755116,5.693200739130954,10262.356477714471,0.029755651944454866
416,14.629380210575869,5.701309154285817,10276.985857925047,0.029825443854385045
417,14.663608559581354,5.709436587736137,10291.649466484629,0.029895226421164833
418,14.69783232515447,5.717583036935904,10306.347298809784,0.02996499964353612
419,14.732051506677903,5.725748499338769,10321.079350316462,0.030034763520240367
420,14.766266103534031,5.733932972398034,10335.845616419996,0.030104518050018406
421,14.80047611510504,5.742136453566665,10350.6460925351,0.030174263231610675
422,14.834681540772813,5.750358940297278,10365.480774075873,0.030243999063757004
423,14.868882379919016,5.758600430042152,10380.349656455792,0.030313725545196766
424,14.90307863192507,5.766860920253218,10395.252735087717,0.030383442674668838
425,14.937270296172121,5.775140408382065,10410.190005383889,0.030453150450911556
426,14.971457372041069,5.783438891879938,10425.16146275593,0.03052284887266272
427,15.005639858912582,5.791756368197739,10440.167102614843,0.03059253793865969
428,15.03981775616706,5.800092834786024,10455.20692037101,0.03066221764763926
429,15.073991063184666,5.808448289095006,10470.280911434196,0.030731887998337742
430,15.108159779345284,5.816822728574554,10485.389071213542,0.030801548989490887
431,15.142323904028576,5.82521615067419,10500.53139511757,0.03087120061983399
432,15.176483436613953,5.833628552843095,10515.707878554183,0.030940842888101835
433,15.210638376480542,5.842059932530102,10530.918516930664,0.03101047579302862
434,15.244788723007261,5.8505102871837025,10546.16330565367,0.03108009933334813
435,15.278934475572722,5.858979614252039,10561.442240129243,0.031149713507793515
436,15.313075633555348,5.867467911182913,10576.755315762799,0.03121931831509754
437,15.347212196333265,5.875975175423777,10592.102527959132,0.03128891375399238
438,15.381344163284364,5.88450140442174,10607.483872122417,0.03135849982320971
439,15.415471533786263,5.893046595623565,10622.899343656203,0.03142807652148065
440,15.44959430721638,5.901610746475669,10638.34893796342,0.031497643847535936
441,15.483712482951793,5.910193854424122,10653.832650446371,0.03156720180010558
442,15.51782606036942,5.91879591691465,10669.350476506741,0.0316367503779193
443,15.551935038845857,5.927416931392634,10684.902411545587,0.03170628957970612
444,15.58603941775747,5.936056895303103,10700.488450963345,0.03177581940419463
445,15.620139196480384,5.9447158060907475,10716.108590159825,0.031845339850112904
446,15.654234374390466,5.953393661199903,10731.762824534217,0.03191485091618851
447,15.688324950863286,5.962090458074565,10747.45114948508,0.03198435260114838
448,15.722410925274238,5.970806194158378,10763.173560410354,0.03205384490371913
449,15.756492296998397,5.9795408668946415,10778.930052707352,0.032123327822626696
450,15.790569065410594,5.988294473726307,10794.720621772762,0.032192801356596516
451,15.824641229885438,5.997067012095979,10810.545263002647,0.032262265504353585
452,15.858708789797245,6.005858479445915,10826.403971792444,0.032331720264622305
453,15.892771744520113,6.0146688732180245,10842.296743536965,0.032401165636126626
454,15.926830093427823,6.02349819085387,10858.223573630392,0.03247060161758984
455,15.960883835893968,6.0323464297946625,10874.184457466286,0.03254002820773489
456,15.994932971291876,6.04121358748127,10890.179390437579,0.03260944540528414
457,16.02897749899456,6.050099661354211,10906.208367936573,0.032678853208959344
458,16.063017418374844,6.0590046488536515,10922.271385354949,0.032748251617481836
459,16.09705272880526,6.067928547419416,10938.368438083753,0.03281764062957239
460,16.131083429658105,6.076871354490974,10954.499521513411,0.03288702024395128
461,16.165109520305396,6.08583306750745,10970.664631033716,0.03295639045933821
462,16.19913100011891,6.094813683907621,10986.863762033836,0.03302575127445241
463,16.233147868470148,6.103813201129909,11003.096909902306,0.03309510268801252
464,16.267160124730392,6.112831616612392,11019.364070027037,0.03316444469873678
465,16.30116776827062,6.121868927792798,11035.665237795307,0.03323377730534274
466,16.33517079846159,6.130925132108504,11052.000408593769,0.03330310050654758
467,16.36916921467378,6.140000226996539,11068.369577808442,0.03337241430106784
468,16.40316301627742,6.149094209893579,11084.77274082472,0.03344171868761961
469,16.437152202642476,6.1582070782359555,11101.209893027362,0.0335110136649184
470,16.471136773138678,6.167338829459646,11117.6810298005,0.03358029923167925
471,16.505116727135455,6.176489461000278,11134.186146527636,0.03364957538661662
472,16.539092064002002,6.185658970293131,11150.725238591638,0.03371884212844444
473,16.573062783107265,6.194847354773132,11167.298301374745,0.033788099455876165
474,16.607028883819904,6.2040546118748585,11183.905330258565,0.03385734736762467
475,16.64099036550837,6.213280739032537,11200.546320624073,0.033926585862402374
476,16.674947227540805,6.22252573368004,11217.221267851613,0.03399581493892111
477,16.708899469285097,6.231789593250896,11233.9301673209,0.034065034595892135
478,16.742847090108885,6.241072315178277,11250.673014411008,0.03413424483202626
479,16.77679008937957,6.250373896895004,11267.449804500387,0.034203445646033774
480,16.81072846646426,6.259694335833548,11284.260532966851,0.03427263703662437
481,16.844662220729806,6.269033629426029,11301.105195187582,0.03434181900250724
482,16.87859135154282,6.278391775104212,11317.983786539124,0.034410991542391065
483,16.912515858269636,6.287768770299513,11334.896302397394,0.03448015465498396
484,16.94643574027632,6.297164612442996,11351.84273813767,0.034549308338993515
485,16.980350996928713,6.306579298965372,11368.823089134597,0.034618452593126826
486,17.01426162759235,6.316012827296999,11385.837350762189,0.03468758741609041
487,17.048167631632538,6.325465194867883,11402.885518393821,0.03475671280659028
488,17.082069008414315,6.334936399107678,11419.967587402236,0.03482582876333193
489,17.11596575730243,6.344426437445686,11437.083553159538,0.03489493528502024
490,17.149857877661425,6.353935307310855,11454.2334110372,0.03496403237035968
491,17.183745368855526,6.363463006131777,11471.417156406054,0.03503312001805407
492,17.217628230248728,6.373009531336697,11488.634784636302,0.035102198226806776
493,17.251506461204762,6.382574880353501,11505.886291097508,0.03517126699532061
494,17.285380061087064,6.392159050609727,11523.171671158594,0.03524032632229778
495,17.319249029258852,6.401762039532552,11540.490920187853,0.035309376206440056
496,17.353113365083058,6.411383844548807,11557.844033552936,0.035378416646448634
497,17.38697306792237,6.421024463084964,11575.231006620857,0.03544744764102419
498,17.42082813713917,6.430683892567143,11592.651834757997,0.035516469188866806
499,17.454678572095627,6.440362130421109,11610.106513330093,0.03558548128867609
500,17.488524372153616,6.4500591740722735,11627.595037702245,0.0356544839391511
501,17.522365536674755,6.459775020945692,11645.11740323892,0.035723477138990316
502,17.556202065020393,6.469509668466067,11662.67360530394,0.03579246088689172
503,17.590033956551633,6.479263114057745,11680.263639260493,0.03586143518155276
504,17.623861210629297,6.489035355144718,11697.887500471123,0.03593040002167032
505,17.657683826613955,6.498826389150624,11715.545184297736,0.03599935540594078
506,17.691501803865897,6.508636213498742,11733.236686101602,0.036068301333059924
507,17.725315141745156,6.518464825612001,11750.962001243346,0.036137237801723045
508,17.759123839611494,6.52831222291297,11768.721125082957,0.03620616481062485
509,17.79292789682442,6.538178402823865,11786.51405297978,0.03627508235845956
510,17.826727312743174,6.548063362766545,11804.340780292525,0.03634399044392084
511,17.860522086726732,6.5579671001625135,11822.201302379252,0.03641288906570179
512,17.894312218133788,6.567889612432918,11840.095614597385,0.03648177822249497
513,17.92809770632278,6.577830896998547,11858.023712303708,0.03655065791299241
514,17.961878550651907,6.587790951279838,11875.98559085436,0.036619528135885634
515,17.99565475047906,6.597769772696866,11893.981245604838,0.03668838888986555
516,18.02942630516187,6.607767358669355,11912.01067191,0.03675724017362256
517,18.063193214057726,6.617783706616667,11930.073865124059,0.036826081985846526
518,18.096955476523735,6.627818813957811,11948.170820600582,0.03689491432522677
519,18.130713091916736,6.637872678111434,11966.3015336925,0.03696373719045205
520,18.164466059593288,6.647945296495833,11984.465999752094,0.037032550580210565
521,18.19821437890973,6.658036666528941,12002.664214131004,0.03710135449319006
522,18.23195804922207,6.668146785628336,12020.896172180226,0.0371701489280776
523,18.265697069886095,6.678275651211237,12039.161869250112,0.03723893388355982
524,18.299431440257308,6.688423260694507,12057.46130069037,0.03730770935832274
525,18.333161159690935,6.69858961149465,12075.79446185006,0.03737647535105185
526,18.366886227541933,6.708774701027812,12094.161348077603,0.03744523186043207
527,18.40060664316503,6.71897852670978,12112.561954720768,0.03751397888514786
528,18.434322405914635,6.7292010859559825,12130.996277126682,0.03758271642388304
529,18.4680335151449,6.73944237618149,12149.464310641826,0.037651444475320886
530,18.501739970209737,6.749702394801014,12167.966050612036,0.037720163038144204
531,18.53544177046277,6.759981139228909,12186.501492382498,0.0377888721110352
532,18.56913891525732,6.770278606879166,12205.070631297756,0.037857571692675465
533,18.602831403946492,6.78059479516542,12223.673462701703,0.03792626178174615
534,18.636519235883103,6.790929701500946,12242.309981937586,0.037994942376927826
535,18.670202410419684,6.801283323298659,12260.980184348005,0.03806361347690047
536,18.703880926908532,6.811655657971114,12279.684065274914,0.038132275080343586
537,18.737554784701615,6.822046702930508,12298.421620059617,0.038200927185936005
538,18.77122398315069,6.832456455588676,12317.192844042767,0.03826956979235614
539,18.8048885216072,6.842884913357093,12335.997732564374,0.03833820289828174
540,18.83854839942235,6.853332073646874,12354.836280963797,0.03840682650239011
541,18.872203615947054,6.863797933868776,12373.708484579744,0.0384754406033579
542,18.90585417053197,6.874282491433191,12392.614338750276,0.0385440451998613
543,18.93950006252744,6.884785743750154,12411.553838812804,0.03861264029057581
544,18.973141291283607,6.895307688229336,12430.526980104089,0.03868122587417656
545,19.00677785615028,6.9058483222800495,12449.533757960238,0.03874980194933797
546,19.040409756477043,6.916407643311244,12468.574167716715,0.038818368514734025
547,19.07403699161316,6.926985648731509,12487.648204708328,0.038886925569038035
548,19.10765956090765,6.937582335949071,12506.755864269237,0.038955473110922824
549,19.141277463709272,6.9481977023717985,12525.897141732947,0.03902401113906069
550,19.174890699366472,6.958831745407193,12545.072032432314,0.039092539652123275
551,19.208499267227477,6.969484462462397,12564.280531699542,0.0391610586487818
552,19.24210316664018,6.98015585094419,12583.522634866182,0.03922956812770678
553,19.275702396952262,6.99084590825899,12602.798337263133,0.03929806808756831
554,19.30929695751108,7.001554631812851,12622.107634220645,0.039366558527035835
555,19.342886847663745,7.01228201901147,12641.45052106831,0.03943503944477827
556,19.376472066757085,7.023028067260172,12660.826993135066,0.039503510839463976
557,19.410052614137637,7.033792773963926,12680.237045749203,0.03957197270976072
558,19.443628489151706,7.044576136527335,12699.680674238356,0.039640425054335786
559,19.477199691145294,7.055378152354642,12719.157873929502,0.03970886787185584
560,19.51076621946412,7.066198818849723,12738.668640148966,0.03977730116098698
561,19.544328073453656,7.077038133416092,12758.21296822242,0.0398457249203948
562,19.577885252459076,7.087896093456901,12777.79085347488,0.03991413914874428
563,19.61143775582528,7.098772696374933,12797.402291230706,0.03998254384469985
564,19.644985582896897,7.109667939572614,12817.047276813604,0.040050939006925364
565,19.67852873301829,7.120581820452002,12836.725805546623,0.04011932463408417
566,19.712067205533543,7.13151433641479,12856.437872752156,0.04018770072483902
567,19.745600999786433,7.142465484862309,12876.183473751942,0.040256067277852046
568,19.77913011512053,7.153435263195523,12895.962603867063,0.04032442429178497
569,19.812654550879035,7.164423668815035,12915.775258417942,0.040392771765298735
570,19.846174306404954,7.175430699121079,12935.621432724347,0.040461109697053924
571,19.87968938104096,7.1864563515135265,12955.501122105388,0.04052943808571041
572,19.9131997741295,7.197500623391883,12975.414321879518,0.04059775692992761
573,19.946705485012693,7.208563512155288,12995.36102736453,0.0406660662283643
574,19.98020651303241,7.2196450152025164,13015.341233877562,0.04073436597967871
575,20.01370285753024,7.230745129931979,13035.354936735092,0.04080265618252851
576,20.047194517847483,7.241863853741718,13055.402131252938,0.040870936835570804
577,20.080681493325184,7.253001184029411,13075.482812746264,0.04093920793746214
578,20.114163783304086,7.264157118192369,13095.596976529569,0.041007469486858475
579,20.14764138712467,7.275331653627538,13115.744617916693,0.041075721482415214
580,20.181114304127114,7.286524787731496,13135.92573222082,0.04114396392278717
581,20.214582533651352,7.297736517900455,13156.140314754472,0.04121219680662864
582,20.247576314967137,7.308966841530262,13176.387891069438,0.04127946241583513
583,20.279832994424503,7.3202154950385765,13196.667724063864,0.04134522526895922
584,20.311397436307946,7.331482068924369,13216.979121500171,0.04140957683243209
585,20.342264348757624,7.342766178611206,13237.321385848929,0.04147250631754866
586,20.372428495270746,7.3540674365827385,13257.6938143442,0.04153400304846227
587,20.40188469623203,7.365385452413444,13278.095699040432,0.04159405646530485
588,20.430627830446596,7.37671983280024,13298.526326870879,0.041652656127312115
589,20.458652836674347,7.388070181594933,13318.984979707553,0.041709791715951766
590,20.48595471516582,7.39943609983753,13339.47093442272,0.04176545303805467
591,20.51252852919861,7.4108171857904,13359.983462951917,0.04181963002894721
592,20.53836940661406,7.4222130349732875,13380.521832358532,0.04187231275558421
593,20.56347254135361,7.433623240199185,13401.085304899885,0.04192349141968116
594,20.587833194994158,7.445047391611047,13421.673138094879,0.041973156360844345
595,20.61144669828211,7.456485076719377,13442.28458479316,0.04202129805969848
596,20.634308452665397,7.467935880440645,13462.918893245826,0.042067907141009976
597,20.656413931822833,7.47939938513657,13483.575307177649,0.04211297437680495
598,20.677758683190376,7.49087517065425,13504.25306586084,0.04215649068948088
599,20.698338329483793,7.502362814367133,13524.951404190324,0.04219844715491088
600,20.71814857021674,7.5138618912168464,13545.66955276054,0.04223883500553871
601,20.737185183214123,7.525371973755856,13566.406737943755,0.042277645633464055
602,20.755444026119868,7.536892632190975,13587.162181969874,0.04231487059351654
603,20.77292103789857,7.548423434427708,13607.935103007772,0.042350501606317155
604,20.789612240330406,7.559963946115429,13628.724715248103,0.042384530561325996
605,20.805513739498572,7.571513730693391,13649.530228987602,0.04241694951987476
606,20.82062172726868,7.583072349437557,13670.35085071487,0.042447750718182825
607,20.83493248275994,7.5946393615082615,13691.18578319763,0.04247692657035664
608,20.84844237380629,7.6062143239986835,13712.034225571437,0.042504469671368575
609,20.861147858408373,7.617796791984132,13732.895373429845,0.04253037280001706
610,20.873045486174263,7.629386318572136,13753.768418916019,0.04255462892186393
611,20.884131899749562,7.640982454953344,13774.652550815768,0.04257723119214996
612,20.894403836234925,7.6525847504532045,13795.546954652003,0.04259817295868485
613,20.903858128591654,7.664192752584446,13816.450812780595,0.042617447764712844
614,20.91249170703359,7.675806007100331,13837.363304487628,0.04263504935175042
615,20.92030160040525,7.687424058048682,13858.283606088033,0.042650971662396016
616,20.927284937545682,7.699046447826685,13879.21089102558,0.04266520884311045
617,20.933438948636066,7.710672717236433,13900.144329974215,0.04267775524696445
618,20.938760966532755,7.722302405541231,13921.083090940749,0.04268860543635627
619,20.943248428082487,7.733935050522638,13942.026339368831,0.04269775418569313
620,20.94689887542106,7.745570188538239,13962.973238244253,0.042705196484038845
621,20.949709957253386,7.7572073545801405,13983.922948201505,0.04271092753772351
622,20.951679430115185,7.76884608233417,14004.87462763162,0.04271494277291576
623,20.952805159615494,7.7804859042397885,14025.827432791235,0.04271723783815594
624,20.953085121658518,7.792126351550686,14046.780517912894,0.042717808606847124
625,20.952517403645203,7.803766954396052,14067.733035316538,0.04271665117970479
626,20.951100205653088,7.815407241842522,14088.684135522191,0.04271376188716225
627,20.94883184159407,7.827046741956773,14109.632967363785,0.04270913729173102
628,20.945710740349412,7.838684981868769,14130.578678104133,0.0427027741903148
629,20.94173544688131,7.85032148783563,14151.520413551014,0.042694669616475646
630,20.936904623319545,7.861955785306119,14172.457318174333,0.04268482084264942
631,20.9313114208171,7.87358739898574,14193.388629595149,0.04267341777944362
632,20.92545867417315,7.8852159053306385,14214.314088269322,0.042661485574257176
633,20.919420363387818,7.896841160149624,14235.23350863271,0.04264917505277842
634,20.91319619331101,7.908463060351505,14256.14670482602,0.04263648561327422
635,20.906785868779444,7.920081502681122,14277.0534906948,0.042623416653984586
636,20.900189094616376,7.931696383719333,14297.953679789416,0.04260996757312206
637,20.893405575631288,7.943307599883009,14318.847085365047,0.04259613776887112
638,20.886435016619647,7.954915047425026,14339.733520381667,0.042581926639387646
639,20.87927712236338,7.9665186224342595,14360.61279750403,0.042567333582799946
640,20.871931597630095,7.978118220835572,14381.484729101661,0.042552357997207114
641,20.864398147173187,7.989713738389812,14402.349127248834,0.04253699928067927
642,20.856676475731764,8.001305070693796,14423.205803724566,0.04252125683125741
643,20.8487662880304,8.012892113180314,14444.054570012597,0.042505130046952895
644,20.840667288778974,8.024474761118109,14464.895237301376,0.042488618325747136
645,20.832379182672742,8.036052909611875,14485.72761648405,0.04247172106559172
646,20.82390167439192,8.04762645360225,14506.551518158441,0.042454437664407575
647,20.815234468601716,8.059195287865801,14527.366752627044,0.04243676752008504
648,20.80637726995192,8.070759307015024,14548.173129896995,0.04241871003048301
649,20.797329783077185,8.08231840549833,14568.970459680073,0.04240026459342952
650,20.788091712596593,8.09387247760004,14589.75855139267,0.04238143060672087
651,20.778662763113317,8.105421417440372,14610.537214155784,0.04236220746812092
652,20.769042639215098,8.116965118975436,14631.306256794998,0.04234259457536207
653,20.75923104547323,8.12850347599722,14652.065487840471,0.04232259132614317
654,20.749227686443078,8.140036382133594,14672.814715526914,0.04230219711813063
655,20.739032266663653,8.151563730848286,14693.553747793578,0.042281411348957486
656,20.728644490657455,8.163085415440877,14714.282392284234,0.04226023341622314
657,20.718064062930367,8.174601329046796,14735.000456347165,0.042238662717493096
658,20.70729068797124,8.186111364637314,14755.707747035136,0.04221669865029814
659,20.696324070252324,8.19761541501952,14776.404071105388,0.04219434061213521
660,20.68516391422825,8.209113372836326,14797.089235019615,0.04217158800046533
661,20.673809924336513,8.220605130566453,14817.763044943951,0.04214844021271459
662,20.662261804996994,8.232090580524417,14838.425306748948,0.04212489664627317
663,20.65051926061204,8.243569614860526,14859.07582600956,0.042100956698495486
664,20.638581995565772,8.255042125560868,14879.714408005126,0.04207661976669881
665,20.626449714224552,8.266508004447292,14900.34085771935,0.042051885248164216
666,20.614122120936212,8.277967143177417,14920.954979840286,0.04202675254013498
667,20.60159892003021,8.289419433244603,14941.556578760315,0.04200122103981693
668,20.58887981581741,8.300864765977954,14962.145458576133,0.041975290144377994
669,20.57596451258975,8.312303032542296,14982.721423088722,0.04194895925094749
670,20.562852714620064,8.323734123938179,15003.284275803342,0.04192222775661582
671,20.54954412616203,8.335157931001858,15023.833819929505,0.0418950950584343
672,20.536038451449805,8.34657434440528,15044.369858380955,0.04186756055341448
673,20.522335394697706,8.357983254656085,15064.892193775653,0.041839623638527425
674,20.508434660100473,8.369384552097586,15085.400628435753,0.04181128371070432
675,20.494335951832603,8.380778126908751,15105.894964387586,0.04178254016683507
676,20.480038974048256,8.392163869104214,15126.375003361634,0.041753392403768096
677,20.465543430881134,8.403541668534242,15146.840546792515,0.04172383981831015
678,20.45084902644397,8.414911414884731,15167.291395818958,0.041693881807225205
679,20.435955464828886,8.426272997677199,15187.727351283787,0.04166351776723523
680,20.4208624501065,8.43762630626877,15208.148213733893,0.04163274709501834
681,20.405569686325983,8.448971229852162,15228.553783420219,0.04160156918720893
682,20.390076877515185,8.460307657455678,15248.943860297733,0.04156998344039792
683,20.374383727679636,8.471635477943185,15269.318244025413,0.041537989251130746
684,20.358489940802848,8.482954580014118,15289.676733966216,0.04150558601590794
685,20.342395220846047,8.494264852203454,15310.019129187063,0.04147277313118459
686,20.326099271747676,8.505566182881703,15330.345228458811,0.04143954999336936
687,20.309601797423408,8.516858460254895,15350.654830256235,0.04140591599882447
688,20.29290250176555,8.528141572364575,15370.947732758,0.041371870543864514
689,20.27600108864342,8.539415407087779,15391.223733846644,0.041337413024757214
690,20.258897261902106,8.550679852137025,15411.482631108545,0.0413025428377209
691,20.24159072536325,8.561934795060303,15431.724221833909,0.041267259378926086
692,20.224081182824044,8.57318012324106,15451.948303016732,0.04123156204449346
693,20.206368338057178,8.584415723898184,15472.154671354789,0.04119545023049373
694,20.188451894810573,8.595641484085993,15492.343123249599,0.041158923332947135
695,20.170331556807476,8.606857290694222,15512.513454806407,0.04112198074782359
696,20.1520070277452,8.618063030448004,15532.665461834153,0.04108462187104015
697,20.133478011295985,8.629258589907863,15552.798939845448,0.04104684609846275
698,20.114744211105897,8.640443855469693,15572.913684056553,0.04100865282590396
699,20.09580533079478,8.651618713364751,15593.009489387348,0.04097004144912288
700,20.076661073956036,8.662783049659637,15613.086150461304,0.04093101136382473
701,20.057311144156348,8.67393675025628,15633.143461605461,0.04089156196566023
702,20.037755244935084,8.685079700891922,15653.181216850397,0.040851692650224425
703,20.01799307980423,8.69621178713911,15673.1992099302,0.04081140281305653
704,19.99802435224814,8.707332894405667,15693.197234282448,0.04077069184963942
705,19.97784876572293,8.718442907934694,15713.17508304817,0.040729559155398415
706,19.957466023656355,8.72954171280454,15733.132549071826,0.04068800412570102
707,19.936875829447384,8.740629193928793,15753.069424901274,0.040646026155856024
708,19.91607788646582,8.751705236056264,15772.98550278774,0.04060362464111278
709,19.89507189805234,8.762769723770967,15792.880574685792,0.04056079897666123
710,19.87385756751743,8.773822541492107,15812.75443225331,0.04051754855762982
711,19.85243459814162,8.78486357347406,15832.606866851453,0.040473872779085866
712,19.83080269317503,8.795892703806363,15852.437669544628,0.04042977103603471
713,19.808961555836635,8.806909816413683,15872.246631100465,0.04038524272341821
714,19.786910889314395,8.817914795055813,15892.033541989778,0.04034028723611496
715,19.76465039676458,8.828907523327654,15911.798192386543,0.04029490396893899
716,19.742179781311474,8.839887884659191,15931.540372167854,0.04024909231663908
717,19.71949874604686,8.850855762315474,15951.2598709139,0.04020285167389777
718,19.696606994029757,8.861811039396612,15970.95647790793,0.04015618143533079
719,19.6735042282862,8.87275359883774,15990.629982136215,0.040109080995486636
720,19.650190151808268,8.88368332340901,16010.280172288023,0.04006154974884457
721,19.626664467554317,8.894600095715568,16029.906836755577,0.04001358708981511
722,19.602926878447953,8.905503798197543,16049.509763634025,0.03996519241273792
723,19.57897708737832,8.916394313130015,16069.088740721403,0.039916365111882395
724,19.554814797198926,8.927271522623002,16088.643555518602,0.0398671045814453
725,19.530439710727663,8.938135308621446,16108.17399522933,0.03981741021555078
726,19.505851530746224,8.948985552905183,16127.679846760077,0.03976728140824917
727,19.481049959999652,8.959822137088931,16147.160896720075,0.0397167175535161
728,19.456034701195858,8.970644942622265,16166.616931421271,0.039665718045251486
729,19.430805457005235,8.981453850789595,16186.047736878276,0.039614282277278756
730,19.405361930059925,8.992248742710153,16205.453098808335,0.039562409643343364
731,19.379703822953882,9.003029499337964,16224.832802631288,0.0395100995371129
732,19.353830838241674,9.013796001461827,16244.18663346953,0.03945735135217466
733,19.327742678438398,9.024548129705295,16263.514376147969,0.03940416448203546
734,19.30143904601931,9.03528576452665,16282.815815193988,0.03935053832012091
735,19.274919643418944,9.046008786218882,16302.090734837408,0.03929647225977358
736,19.248184173030747,9.05671707490967,16321.338919010439,0.03924196569425228
737,19.22123233720649,9.067410510561356,16340.560151347645,0.03918701801673086
738,19.194063838255936,9.078088972970914,16359.754215185902,0.039131628620297516
739,19.166678378445933,9.088752341769945,16378.920893564347,0.039075796897952965
740,19.139075660000266,9.099400496424638,16398.05996922435,0.039019522242610113
741,19.111255385098588,9.11003331623575,16417.171224609447,0.03896280404709191
742,19.083217255876335,9.120650680338581,16436.254441865323,0.038905641704131154
743,19.054960974423835,9.131252467702957,16455.309402839746,0.03884803460636867
744,19.026486242785786,9.141838557133193,16474.335889082533,0.03878998214635226
745,18.997792762960753,9.152408827268074,16493.333681845495,0.038731483716535675
746,18.968880236900212,9.162963156580831,16512.302562082397,0.03867253870927667
747,18.939748366508287,9.17350142337911,16531.242310448906,0.03861314651683646
748,18.910396853641046,9.184023505804948,16550.152707302546,0.03855330653137827
749,18.88082540010572,9.194529281834749,16569.03353270265,0.03849301814496578
750,18.85103370765997,9.20501862927925,16587.88456641031,0.0384322807495616
751,18.821021478011414,9.215491425783506,16606.705587888322,0.03837109373702632
752,18.79078841281696,9.225947548826845,16625.49637630114,0.038309456499117135
753,18.760334213681748,9.236386875722856,16644.256710514823,0.03824736842748572
754,18.729658582159022,9.246809283619346,16662.986369096983,0.038184828913677915
755,18.69876121974868,9.257214649498325,16681.68513031673,0.038121837349130834
756,18.66764182789734,9.267602850175962,16700.35277214463,0.03805839312517296
757,18.636300107996934,9.277973762302572,16718.989072252625,0.037994495633021264
758,18.604735761384244,9.28832726236257,16737.593808014008,0.03793014426378031
759,18.572948489340096,9.29866322667445,16756.16675650335,0.03786533840844055
760,18.540937993088487,9.30898153139075,16774.70769449644,0.03780007745787662
761,18.508703973795843,9.319282052498021,16793.216398470235,0.03773436080284574
762,18.476246132570306,9.329564665816797,16811.692644602805,0.037668187833986344
763,18.443564170460693,9.339829247001559,16830.136208773267,0.037601557941815876
764,18.410657788455847,9.350075671540704,16848.546866561723,0.03753447051672955
765,18.377526687483517,9.360303814756513,16866.924393249206,0.03746692494899799
766,18.344170568409652,9.370513551805114,16885.268563817615,0.03739892062876585
767,18.310589132037652,9.380704757676453,16903.579152949653,0.03733045694605025
768,18.276782079107072,9.390877307194252,16921.85593502876,0.03726153329073816
769,18.242749110293015,9.401031075015979,16940.098684139055,0.03719214905258514
770,18.20848992620508,9.411165935632809,16958.30717406526,0.0371223036212132
771,18.17400422738643,9.421281763369588,16976.481178292644,0.03705199638610892
772,18.139291714312613,9.431378432384802,16994.620470006957,0.03698122673662101
773,18.1043520873908,9.441455816670532,17012.724822094347,0.03690999406195881
774,18.06918504695884,9.451513790052415,17030.794007141307,0.03683829775119029
775,18.03379029328378,9.461552226189616,17048.82779743459,0.036766137193239096
776,17.998167526561325,9.471570998574773,17066.825964961154,0.036693511776883424
777,17.962316446914357,9.481569980533974,17084.78828140807,0.036620420890753014
778,17.926236754392246,9.491549045226705,17102.714518162462,0.03654686392332771
779,17.889928148969144,9.501508065645812,17120.60444631143,0.03647284026293403
780,17.853390330543494,9.511446914617462,17138.457836641974,0.03639834929774412
781,17.816622998936356,9.521365464801097,17156.27445964091,0.03632339041577238
782,17.779625853890504,9.531263588689395,17174.0540854948,0.036247963004873596
783,17.74239859506922,9.541141158608223,17191.79648408987,0.0361720664527405
784,17.704940922054817,9.550998046716595,17209.501425011927,0.03609570014690074
785,17.66725253434753,9.560834125006627,17227.168677546277,0.03601886347471463
786,17.62933313136439,9.570649265303487,17244.79801067764,0.035941555823372856
787,17.59118241243769,9.580443339265356,17262.38919309008,0.03586377657989334
788,17.552800076813806,9.590216218383377,17279.941993166893,0.035785525131118864
789,17.51418582365163,9.599967773981607,17297.456178990546,0.03570680086371381
790,17.475339352021273,9.60969787721697,17314.931518342568,0.03562760316416161
791,17.43626036090285,9.619406399079205,17332.367778703472,0.035547931418762176
792,17.39694854918484,9.629093210390819,17349.764727252656,0.03546778501362862
793,17.357403615662673,9.638758181807031,17367.12213086832,0.03538716333468434
794,17.31762525903698,9.648401183815734,17384.439756127358,0.03530606576765948
795,17.27761317791255,9.658022086737422,17401.717369305272,0.03522449169808878
796,17.237367070796353,9.667620760725152,17418.95473637607,0.03514244051130754
797,17.19688663609609,9.677197075764482,17436.151623012163,0.03505991159244869
798,17.156171572118655,9.686750901673424,17453.30779458428,0.034976904326439656
799,17.115221577068173,9.696282108102379,17470.42301616135,0.034893418097998306
800,17.0740363490447,9.705790564534082,17487.497052510393,0.03480945229163037
801,17.03261558604216,9.715276140283551,17504.529668096435,0.034725006291625185
802,16.9909589859467,9.72473870449802,17521.52062708238,0.03464007948205239
803,16.949066246534937,9.734178126156877,17538.469693328916,0.034554671246758276
804,16.906937065472,9.74359427407162,17555.37663039439,0.034468780969361866
805,16.864571140309668,9.752987016885772,17572.2412015347,0.0343824080332511
806,16.821968168484606,9.762356223074834,17589.063169703186,0.03429555182157921
807,16.779127847316147,9.771701760946215,17605.842297550502,0.03420821171726023
808,16.736049874004337,9.781023498639168,17622.578347424507,0.034120387102965
809,16.69273394562804,9.790321304124726,17639.271081370134,0.0340320773611173
810,16.649179759142587,9.79959504520563,17655.92026112928,0.03394328187388906
811,16.605387011377932,9.808844589516266,17672.525648140658,0.03385400002319659
812,16.561355399036245,9.818069804522588,17689.087003539695,0.0337642311906957
813,16.51708461868978,9.827270557522052,17705.604088158383,0.03367397475777732
814,16.472574366778286,9.836446715643547,17722.07666252516,0.033583230105562245
815,16.427824339607074,9.845598145847312,17738.504486864767,0.033491996614897185
816,16.382834233344617,9.85472471492487,17754.88732109811,0.03340027366634987
817,16.337603744019596,9.86382628949895,17771.224924842132,0.033308060640203044
818,16.292132567518948,9.872902736023407,17787.517057409652,0.033215356916450445
819,16.246420399585087,9.88195392078314,17803.763477809236,0.0331221618747912
820,16.200466935813168,9.89097970989402,17819.96394474505,0.03302847489462419
821,16.154271871648604,9.899979969302805,17836.1182166167,0.03293429535504302
822,16.107834902384198,9.908954564787054,17852.226051519083,0.03283962263483016
823,16.06115572315737,9.917903361955046,17868.28720724224,0.03274445611245131
824,16.014234028947453,9.926826226245689,17884.301441271185,0.03264879516604984
825,15.967069514572389,9.935723022928437,17900.268510785758,0.03255263917344013
826,15.919661874686073,9.944593617103198,17916.188172660444,0.032455987512102075
827,15.872010803775003,9.953437873700247,17932.06018346422,0.03235883955917431
828,15.824115996155426,9.96225565748012,17947.884299460373,0.032261194691448364
829,15.775977145969746,9.97104683303354,17963.660276606344,0.03216305228536135
830,15.727593947183584,9.979811264781302,17979.387870553528,0.03206441171698997
831,15.678966093582181,9.988548816974182,17995.06683664711,0.031965272362043176
832,15.630093278766875,9.99725935369284,18010.696929925878,0.03186563359585499
833,15.580975196151837,10.00594273884771,18026.27790512203,0.03176549479337785
834,15.53161153896021,10.014598836178907,18041.809516660993,0.031664855329174735
835,15.482002000220202,10.023227509256108,18057.29151866121,0.03156371457741121
836,15.432146272761766,10.031828621478452,18072.723664933972,0.03146207191184865
837,15.38204404921241,10.040402036074429,18088.105708983185,0.03135992670583569
838,15.331695021992969,10.048947616101769,18103.437404005177,0.031257278332299625
839,15.281098883313938,10.05746522444732,18118.718502888492,0.03115412616373891
840,15.230255325170843,10.06595472382694,18133.948758213664,0.03105046957221374
841,15.179164039340394,10.07441597678537,18149.127922253007,0.030946307929338206
842,15.12782471737547,10.082848845696114,18164.255746970382,0.030841640606270062
843,15.076237050601064,10.091253192761323,18179.331984020984,0.030736466973702466
844,15.02440073010956,10.099628880011657,18194.356384751092,0.030630786401854345
845,14.972315446755443,10.107975769306162,18209.328700197846,0.030524598260459612
846,14.919980891151212,10.116293722332136,18224.248681088997,0.030417901918758837
847,14.867396753661673,10.124582600604999,18239.11607784266,0.030310696745487604
848,14.81456272439903,10.132842265468145,18253.930640567058,0.030202982108866516
849,14.761478493217705,10.14107257809281,18268.692119060277,0.030094757376590626
850,14.708143749708658,10.149273399477933,18283.400262809984,0.029986021915817847
851,14.654558183193885,10.157444590449991,18298.054820993177,0.02987677509315776
852,14.600721482720898,10.165586011662876,18312.6555424759,0.029767016274660336
853,14.546633337056349,10.173697523597722,18327.202175812956,0.029656744825802946
854,14.492293434680477,10.181778986562753,18341.694469247635,0.029545960111479048
855,14.437701463780634,10.18983026069313,18356.132170711415,0.029434661495984976
856,14.382857112244874,10.197851205950785,18370.515027823658,0.02932284834300687
857,14.327760067655507,10.205841682124255,18384.842787891313,0.02921052001560755
858,14.272410017282374,10.213801548828508,18399.115197908595,0.029097675876212783
859,14.216806648075604,10.221730665504776,18413.332004556672,0.028984315286596535
860,14.160949646659036,10.229628891420374,18427.49295420333,0.02887043760786755
861,14.104838699322386,10.237496085668518,18441.597792902652,0.02875604220045338
862,14.048473492013843,10.24533210716814,18455.646266394666,0.0286411284240853
863,13.991853710332482,10.253136814663703,18469.638120105,0.02852569563778283
864,13.934979039520158,10.260910066725,18483.57309914452,0.028409743199837217
865,13.877849164453284,10.268651721746956,18497.45094830897,0.02829327046779466
866,13.82046376963451,10.276361637949428,18511.271412078608,0.02817627679843936
867,13.762822539183604,10.284039673377004,18525.03423461779,0.028058761547774924
868,13.704925156829324,10.291685685898772,18538.739159774617,0.02794072407100779
869,13.646771305899303,10.29929953320812,18552.385931080516,0.027822163722526605
870,13.588360669311257,10.30688107282251,18565.974291749826,0.02770307985588431
871,13.529692929562668,10.314430162083237,18579.503984679388,0.027583471823777093
872,13.470767768721114,10.321946658155216,18592.97475244811,0.02746333897802469
873,13.411584868413886,10.329430418026728,18606.386337316522,0.027342680669549202
874,13.352143909816908,10.336881298509178,18619.73848122634,0.027221496248352507
875,13.29244457364416,10.344299156236856,18633.030925799983,0.02709978506349471
876,13.23248654013617,10.351683847666658,18646.26341234012,0.026977546463070677
877,13.172269489048132,10.359035229077843,18659.435681829167,0.02685477979418579
878,13.111793099638165,10.36635315657176,18672.547474928804,0.02673148440293203
879,13.051057050654482,10.373637486071559,18685.59853197946,0.026607659634361833
880,12.990061020322864,10.380888073321922,18698.588592999782,0.02648330483246251
881,12.928804686333281,10.388104773888768,18711.517397686115,0.02635841934012901
882,12.867287725826058,10.395287443158953,18724.38468541194,0.02623300249913569
883,12.805509815377949,10.402435936339966,18737.19019522732,0.02610705365010794
884,12.743470630987558,10.409550108459621,18749.933665858305,0.025980572132492465
885,12.681169848060104,10.416629814365725,18762.614835706365,0.0258535572845262
886,12.618607141391847,10.423674908725758,18775.233442847755,0.025726008443204575
887,12.555782185154337,10.430685246026531,18787.78922503291,0.025597924944249405
888,12.492694652877436,10.437660680573838,18800.281919685785,0.02546930612207428
889,12.429344217432147,10.444601066492103,18812.711263903217,0.02534015130974953
890,12.365730551013268,10.45150625772401,18825.07699445423,0.0252104598389669
891,12.301853325120497,10.458376108030128,18837.37884777935,0.025080231040001007
892,12.237712210539852,10.465210470988527,18849.61655998989,0.024949464241671458
893,12.17330687732366,10.472009199994382,18861.789866867213,0.024818158771302053
894,12.10863699477057,10.478772148259562,18873.898503861983,0.024686313954680055
895,12.043702231404266,10.485499168812213,18885.942206093387,0.02455392911601277
896,11.978502254951836,10.492190114496326,18897.920708348338,0.024421003577883453
897,11.913036732320991,10.4988448379713,18909.833745080658,0.02428753666120487
898,11.847305329576974,10.505463191711476,18921.681050410236,0.024153527685172215
899,11.781307711917957,10.512045028005687,18933.462358122153,0.024018975967212957
900,11.715043543650337,10.518590198956751,18945.177401665802,0.02388388082293646
901,11.64851248816247,10.525098556481002,18956.825914153964,0.023748241566080464
902,11.58171420789773,10.531569952307757,18968.407628361863,0.023612057508456123
903,11.514648364326565,10.538004237978813,18979.92227672619,0.023475327959891053
904,11.44731461791743,10.544401264847883,18991.369591344108,0.023338052228170085
905,11.379712628106644,10.55076088408006,19002.749303972214,0.023200229618973785
906,11.311842053267046,10.55708294665123,19014.06114602548,0.023061859435814566
907,11.243702550675637,10.563367303347489,19025.304848576157,0.02292294097997071
908,11.175293776479814,10.569613804764533,19036.480142352637,0.022783473550417557
909,11.106615385662211,10.57582230130702,19047.5867577383,0.022643456443755778
910,11.037667032004371,10.581992643187943,19058.624424770303,0.022502888954137348
911,10.96844836804882,10.588124680427946,19069.592873138354,0.022361770373188213
912,10.898959045059721,10.59421826285464,19080.491832183412,0.02222009998992807
913,10.829198712981816,10.600273240101895,19091.321030896393,0.022077877090686673
914,10.759167020397916,10.606289461609107,19102.08019791679,0.021935100959017153
915,10.68886361448434,10.612266776620439,19112.769061531275,0.021791770875605174
916,10.618288140964985,10.618205034184042,19123.38734967224,0.021647886118175298
917,10.547440244062852,10.624104083151245,19133.934789916304,0.02150344596139215
918,10.476319566450154,10.629963772175724,19144.411109482753,0.02135844967675872
919,10.40492574919591,10.635783949712641,19154.81603523195,0.021212896532509493
920,10.333258431711464,10.64156446401775,19165.14929366366,0.021066785793499413
921,10.261317251693567,10.647305163146479,19175.410610915354,0.0209201167210878
922,10.189101845065249,10.653005894952974,19185.59971276042,0.02077288857301783
923,10.116611845913567,10.658666507089123,19195.716324606336,0.020625100603289634
924,10.043846886425255,10.66428684700352,19205.760171492762,0.020476752062029056
925,9.970806596818948,10.669866761940424,19215.73097808958,0.02032784219534953
926,9.897490605274703,10.675406098938657,19225.628468694857,0.020178370245208358
927,9.82389853786006,10.680904704830477,19235.452367232716,0.02002833544925598
928,9.75003001845309,10.686362426240398,19245.20239725117,0.019877737040679078
929,9.675884668661295,10.691779109583983,19254.87828191983,0.019726574248035256
930,9.601462107737364,10.697154601066574,19264.47974402757,0.01957484629508127
931,9.526761952490443,10.702488746681983,19274.006505980058,0.01942255240059213
932,9.451783817193439,10.707781392211144,19283.45828979725,0.019269691778172143
933,9.376527313485928,10.713032383220694,19292.834817110735,0.019116263636056934
934,9.300992050271907,10.71824156506152,19302.13580916101,0.018962267176905002
935,9.225177633613121,10.723408782867228,19311.36098679462,0.018807701597580263
936,9.149083666616807,10.728533881552568,19320.510070461238,0.01865256608892315
937,9.072709749317674,10.733616705811798,19329.582780210556,0.018496859835510034
938,8.996055478554078,10.738657100116976,19338.57883568911,0.01834058201540077
939,8.919120447838047,10.743654908716172,19347.497956136947,0.01818373179987369
940,8.841904247218208,10.748609975631638,19356.339860384167,0.01802630835314619
941,8.764406463135865,10.75352214465787,19365.104266847302,0.01786831083208127
942,8.68662667827328,10.758391259359612,19373.790893525576,0.01770973838587824
943,8.608564471394025,10.763217163069765,19382.39945799697,0.017550590155747246
944,8.530219417174754,10.767999698887206,19390.929677414144,0.017390865274566264
945,8.451591086027449,10.772738709674524,19399.381268500172,0.01723056286651875
946,8.372679043912377,10.77743403805565,19407.753947544086,0.017069682046712286
947,8.293482852140187,10.78208552641338,19416.047430396226,0.016908221920775096
948,8.21400206716329,10.786693016886792,19424.26143246339,0.016746181584430763
949,8.134236240354774,10.79125635136855,19432.395668703746,0.016583560123047444
950,8.054184917775228,10.795775371502081,19440.44985362152,0.01642035661116254
951,7.973847639925252,10.800249918678624,19448.423701261447,0.016256570111978084
952,7.893223941483918,10.804679834034138,19456.31692520293,0.016092199676827557
953,7.8123133510313885,10.809064958446072,19464.12923855396,0.01592724434461037
954,7.731115390754533,10.813405132529978,19471.860353944714,0.015761703141191703
955,7.649629576134966,10.817700196635952,19479.50998352085,0.015595575078766492
956,7.567855415617311,10.821949990844915,19487.077838936468,0.015428859155183097
957,7.4857924102567255,10.826154354964704,19494.563631346726,0.015261554353224717
958,7.403440053344178,10.830313128525958,19501.96707140007,0.015093659639845415
959,7.320797830007381,10.834426150777817,19509.28786923008,0.014925173965356532
960,7.237865216785623,10.838493260683379,19516.525734446866,0.01475609626255988
961,7.154641681176571,10.842514296914926,19523.680376128043,0.014586425445823791
962,7.071126681152557,10.846489097848913,19530.751502809195,0.014416160410096954
963,6.987319664644012,10.850417501560663,19537.73882247384,0.014245300029855272
964,6.903220068987234,10.854299345818799,19544.642042542826,0.014073843157976008
965,6.8188273203335745,10.858134468079347,19551.46086986316,0.013901788624533278
966,6.734140833016529,10.861922705479534,19558.195010696178,0.0137291352355077
967,6.649160008873539,10.86566389483121,19564.84417070505,0.013555881771403747
968,6.563884236517801,10.869357872613918,19571.40805494157,0.013382026985765136
969,6.478312890556489,10.873004474967539,19577.88636783213,0.013207569603581014
970,6.392445330749838,10.876603537684517,19584.278813162877,0.01303250831957153
971,6.3062809011060965,10.880154896201597,19590.585094063983,0.012856841796342701
972,6.219818928905678,10.8836583855911,19596.804912992888,0.012680568662396894
973,6.133058723649161,10.887113840551605,19602.937971716536,0.012503687509988093
974,6.045999575920229,10.890521095398075,19608.983971292455,0.012326196892803726
975,5.958640756155851,10.893879984051363,19614.94261204861,0.012148095323457389
976,5.870981513315,10.897190340027006,19620.813593561925,0.011969381270774716
977,5.783021073434821,10.90045199642329,19626.59661463536,0.011790053156849785
978,5.694758638062647,10.903664785908534,19632.291373273423,0.011610109353848413
979,5.606193382551875,10.906828540707457,19637.897566655975,0.011429548180533891
980,5.517324454205312,10.909943092586653,19643.41489111018,0.011248367898481776
981,5.428150970251674,10.913008272838988,19648.843042080432,0.011066566707954481
982,5.3386720156341845,10.916023912266906,19654.181714096067,0.010884142743392831
983,5.2488866405925965,10.918989841164482,19659.430600736658,0.010701094068486433
984,5.158793858012877,10.921905889298143,19664.58939459467,0.01051741867077039
985,5.068392640517941,10.924771885885928,19669.657787235188,0.010333114455694067
986,4.977681917268834,10.927587659575105,19674.635469152458,0.010148179240099557
987,4.886660570440372,10.930353038418032,19679.522129722896,0.009962610745036434
988,4.79532743133052,10.933067849846054,19684.317457154226,0.009776406587829804
989,4.703681276057258,10.935731920641237,19689.021138430282,0.009589564273307354
990,4.61172082078852,10.938345076905712,19693.63285925107,0.009402081184074451
991,4.519444716443658,10.940907144028372,19698.152303967512,0.00921395456971184
992,4.426851542793789,10.943417946648617,19702.579155510306,0.009025181534747783
993,4.333939801876706,10.945877308616836,19706.913095312182,0.008835759025232835
994,4.2407079106298,10.948285052951212,19711.153803222813,0.008645683813720283
995,4.147154192624354,10.950641001790451,19715.30095741544,0.008454952482414584
996,4.053276868768119,10.95294497634191,19719.35423428421,0.008263561404216347
997,3.9590740468155023,10.955196796824561,19723.313308331024,0.008071506721336394
998,3.864543709497545,10.957396282406124,19727.17785204052,0.00787878432109591
999,3.7696837010465662,10.959543251133622,19730.94753574157,0.007685389808453752
1000,3.674491711847514,10.961637519856428,19734.622027453417,0.007491318474714604
1001,3.578965260893624,10.963678904140787,19738.20099271431,0.0072965652617607004
1002,3.4831016756553135,10.965667218174618,19741.684094389966,0.007101124721009812
1003,3.3868980688926236,10.967602274661091,19745.07099245886,0.006904990966141942
1004,3.2903513118311514,10.969483884699367,19748.36134377069,0.006708157618412132
1005,3.1934580029966253,10.971311857650385,19751.554801773687,0.006510617743112385
1006,3.0962144318298366,10.973086000985381,19754.651016205516,0.006312363775392122
1007,2.9986165359952515,10.974806120114176,19757.64963274151,0.006113387433221714
1008,2.90065985102016,10.976472018189728,19760.550292592532,0.005913679614719999
1009,2.802339450540389,10.97808349588474,19763.352632043072,0.005713230276331067
1010,2.7036498749633533,10.979640351135039,19766.056281918034,0.00551202828738706
1011,2.6045850457328354,10.981142378843352,19768.660866963768,0.005310061255316687
1012,2.5051381615477917,10.982589370535427,19771.166005125317,0.005107315314062775
1013,2.405301571758024,10.983981113958508,19773.571306697075,0.004903774865969467
1014,2.3050666206060995,10.985317392609486,19775.876373317682,0.0046994222642326175
1015,2.2044234538394485,10.98659798517649,19778.080796771523,0.004494237418632922
1016,2.1033607761688384,10.987822664873068,19780.18415754769,0.004288197301057774
1017,2.0018655437092856,10.988991198637606,19782.1860230914,0.004081275318469491
1018,1.8999225691852135,10.990103346161888,19784.085945660583,0.0038734405080228605
1019,1.7975140082588648,10.991158858700324,19785.883459668843,0.003664656489824392
1020,1.6946186810164168,10.992157477593802,19787.57807834986,0.003454880083621644
1021,1.5912111603723462,10.993098932416588,19789.16928951023,0.0032440594503003995
1022,1.4872605235629026,10.993982938616796,19790.656550033793,0.0030321315465094848
1023,1.3827286042778264,10.994809194463219,19792.03927863807,0.0028190185612188097
1024,1.2775674829727155,10.99557737702115,19793.31684612104,0.002604622799128879
1025,1.1717157753124487,10.996287136733912,19794.488561896353,0.002388819113786847
1026,1.065092948032718,10.996938089942418,19795.553654844385,0.0021714433191288842
1027,0.9575902403282532,10.997529808246881,19796.511245084712,0.0019522736805876718
1028,0.849055396391132,10.99806180282484,19797.360300481105,0.0017309997887688723
1029,0.7392652678253958,10.99853350026728,19798.09956574893,0.0015071667030079421
1030,0.6278723099093061,10.99894420319385,19798.72743805884,0.0012800658713747319
1031,0.5142873141819776,10.9992930211438,19799.24172537302,0.0010484960533781397
1032,0.39737509118466957,10.999578736318345,19799.639100464206,0.0008101428974203251
1033,0.2744107776144857,10.999799500257893,19799.913511241823,0.000559451126635037
1034,0.13446462677080018,10.999951950689901,19800.047975868594,0.000274137873131091
1035,0,11.00002665326033,19800.047975868594,0